zip,xml,fecha,sesion,numero,titulo_punto,texto_expediente,best_score,second_best
VOT_20250122154424.zip,sesion89votacion2.xml,2025-01-22,89,2,Convalidación o derogación de Reales Decretos-leyes.,"Real Decreto-ley 10/2024, de 23 de diciembre, para el establecimiento de un gravamen temporal energético durante el año 2025.",0.382,2:0.365
VOT_20250122154424.zip,sesion89votacion5.xml,2025-01-22,89,5,Dictamen de la Comisión del Estatuto de los Diputados.,Dictamen de la Comisión del Estatuto de los Diputados acerca del suplicatorio formulado en relación con un Sr. Diputado.,0.320,63:0.310
VOT_20250211202646.zip,sesion90votacion1.xml,2025-02-11,90,1,Toma en consideración de Proposiciones de Ley de Comunidades y Ciudades Autónomas.,"Proposición de Ley del Parlamento de Andalucía, de reforma parcial del texto refundido de la Ley del Estatuto Básico del Empleado Público, aprobado por Real Decreto Legislativo 5/2015, de 30 de octubre.",0.314,148:0.296
VOT_20250211202646.zip,sesion90votacion2.xml,2025-02-11,90,2,Toma en consideración de Proposiciones de Ley.,"Proposición de Ley del Grupo Parlamentario Popular en el Congreso, relativa a la violencia en el ámbito sanitario.",0.528,166:0.359
VOT_20250212154035.zip,sesion91votacion1.xml,2025-02-12,91,1,Proposiciones no de Ley.,"Proposición no de Ley del Grupo Parlamentario Popular en el Congreso, sobre el cierre programado de la generación nuclear en España.",0.324,98:0.324
VOT_20250212154035.zip,sesion91votacion2.xml,2025-02-12,91,2,Proposiciones no de Ley.,"Proposición no de Ley del Grupo Parlamentario Socialista, sobre la menopausia.
Se vota en los términos de la enmienda transaccional presentada por el Grupo Parlamentario Socialista, el Grupo Parlamentario Plurinacional SUMAR y el Grupo Parlamentario Mixto (Sr. Javier Sánchez Serna).",0.256,118:0.248
VOT_20250212154035.zip,sesion91votacion3.xml,2025-02-12,91,3,Mociones consecuencia de interpelaciones urgentes.,"Moción consecuencia de interpelación urgente del Grupo Parlamentario Mixto (Sra. Valido García), sobre la atención sanitaria a los miles de migrantes que llegan a las costas canarias cada mes.",0.303,20:0.300
VOT_20250212154035.zip,sesion91votacion4.xml,2025-02-12,91,4,Mociones consecuencia de interpelaciones urgentes.,"Moción consecuencia de interpelación urgente del Grupo Parlamentario VOX, sobre cuáles son los planes del Gobierno para hacer frente al invierno demográfico que amenaza el futuro de España.",0.411,192:0.299
VOT_20250212154035.zip,sesion91votacion5.xml,2025-02-12,91,5,Mociones consecuencia de interpelaciones urgentes.,"Moción consecuencia de interpelación urgente del Grupo Parlamentario Popular en el Congreso, sobre el balance de las actuaciones del Gobierno que han provocado el deterioro democrático actual.",0.310,88:0.306
VOT_20250212154035.zip,sesion91votacion14.xml,2025-02-12,91,14,Dictámenes de la Comisión de Asuntos Exteriores sobre Convenios internacionales.,"Acuerdo de cooperación científica entre el Reino de España y los Estados Unidos de América sobre la estación de seguimiento de la NASA, hecho en Madrid el 10 de junio de 2024.",0.264,154:0.253
VOT_20250212154035.zip,sesion91votacion15.xml,2025-02-12,91,15,Dictámenes de la Comisión de Asuntos Exteriores sobre Convenios internacionales.,"Protocolo común relativo a la aplicación de la Convención de Viena y del Convenio de París, hecho en Viena el 21 de septiembre de 1988.",0.313,149:0.308
VOT_20250212154035.zip,sesion91votacion16.xml,2025-02-12,91,16,Dictámenes de la Comisión de Asuntos Exteriores sobre Convenios internacionales.,"Acuerdo Global de Transporte Aéreo entre los Estados miembros de la Asociación de Naciones del Asia Sudoriental y la Unión Europea y sus Estados miembros, hecho en Bali, Indonesia, el 17 de octubre de 2022, y Declaración que España desea formular.",0.260,182:0.254
VOT_20250212154035.zip,sesion91votacion17.xml,2025-02-12,91,17,Dictámenes de la Comisión de Asuntos Exteriores sobre Convenios internacionales.,"Canje de Notas constitutivo de Acuerdo entre el Reino de España y la Agencia Espacial Europea por el que se enmienda el Acuerdo entre el Reino de España y la Agencia Espacial Europea relativo a los emplazamientos de la Agencia Espacial Europea en el Reino de España, hecho en Madrid el 10 y 17 de julio de 2024.",0.246,37:0.233
VOT_20250212154035.zip,sesion91votacion18.xml,2025-02-12,91,18,Solicitud de prórroga de Subcomisiones.,"Solicitud de la Comisión de Sanidad, de prórroga del plazo para la conclusión de los trabajos de la Subcomisión para mejorar la protección, la promoción y la atención integral de la salud mental, constituida en el seno de la citada Comisión, hasta el final del próximo periodo de sesiones.",0.278,49:0.272
VOT_20250219135528.zip,sesion93votacion1.xml,2025-02-19,93,1,Proposiciones no de Ley.,"Proposición no de Ley del Grupo Parlamentario VOX, relativa a la precariedad que están sufriendo las familias españolas ante el aumento de los precios y de los impuestos que gravan la cesta de la compra.",0.359,74:0.308
VOT_20250219135528.zip,sesion93votacion2.xml,2025-02-19,93,2,Proposiciones no de Ley.,"Proposición no de Ley del Grupo Parlamentario Plurinacional SUMAR, relativa al fondo complementario que compense la merma de ingresos que va a sufrir en 2025 la Comunidad Autónoma de Aragón.",0.360,162:0.360
VOT_20250219135528.zip,sesion93votacion5.xml,2025-02-19,93,5,Mociones consecuencia de interpelaciones urgentes.,"Moción consecuencia de interpelación urgente del Grupo Parlamentario Mixto (Sra. Belarra Urteaga), sobre la política del Gobierno para garantizar el derecho a la vivienda.",0.439,46:0.394
VOT_20250219135528.zip,sesion93votacion10.xml,2025-02-19,93,10,Mociones consecuencia de interpelaciones urgentes.,"Moción consecuencia de interpelación urgente del Grupo Parlamentario VOX, sobre cuáles son las medidas que va a adoptar el Gobierno para garantizar que los españoles puedan acceder a una vivienda digna.",0.312,42:0.299
VOT_20250219135528.zip,sesion93votacion11.xml,2025-02-19,93,11,Mociones consecuencia de interpelaciones urgentes.,"Moción consecuencia de interpelación urgente del Grupo Parlamentario Popular en el Congreso, sobre el fracaso de la política del Gobierno en materia de vivienda.",0.309,70:0.297
VOT_20250225201643.zip,sesion94votacion1.xml,2025-02-25,94,1,Toma en consideración de Proposiciones de Ley.,"Proposición de Ley del Grupo Parlamentario Plurinacional SUMAR, sobre concesión de nacionalidad española a las y los saharauis nacidos bajo la administración española.",0.372,82:0.329
VOT_20250225201643.zip,sesion94votacion2.xml,2025-02-25,94,2,Toma en consideración de Proposiciones de Ley.,"Proposición de Ley del Grupo Parlamentario Vasco (EAJ-PNV), por la que se modifica el texto refundido de la Ley de Suelo y Rehabilitación Urbana, aprobado por el Real Decreto Legislativo 7/2015, de 30 de octubre.",0.461,40:0.367
VOT_20250226151614.zip,sesion95votacion1.xml,2025-02-26,95,1,Acuerdos de Comisiones relativos a Informes de Subcomisiones y Ponencias.,Informe de la Subcomisión para la renovación y actualización del Pacto de Estado en materia de violencia de género.,0.426,71:0.356
VOT_20250226151614.zip,sesion95votacion7.xml,2025-02-26,95,7,Proposiciones no de Ley.,"Proposición no de Ley del Grupo Parlamentario Mixto (Sra. Belarra Urteaga), relativa a la regularización de personas migrantes.

Se vota en los términos de la enmienda presentada por los Grupos Parlamentarios Mixto (Sra. Belarra Urteaga y Sr. Rego Candamil), Euskal Herria Bildu, Republicano y Plurinacional SUMAR.",0.260,66:0.242
VOT_20250226151614.zip,sesion95votacion8.xml,2025-02-26,95,8,Mociones consecuencia de interpelaciones urgentes.,"Moción consecuencia de interpelación urgente del Grupo Parlamentario VOX, sobre las medidas que adoptará el Gobierno para evitar que el Pacto Verde europeo arrase el campo español.",0.311,2:0.285
VOT_20250226151614.zip,sesion95votacion17.xml,2025-02-26,95,17,Mociones consecuencia de interpelaciones urgentes.,"Moción consecuencia de interpelación urgente del Grupo Parlamentario Popular en el Congreso, sobre cómo están afectando a su Departamento las ramificaciones territoriales de los casos de corrupción que afectan al PSOE y al entorno del Presidente del Gobierno.",0.277,70:0.277
VOT_20250311203731.zip,sesion96votacion1.xml,2025-03-11,96,1,Toma en consideración de Proposiciones de Ley de Comunidades y Ciudades Autónomas.,"Proposición de Ley del Parlamento de Cataluña, para garantizar el retorno social del rescate bancario.",0.376,89:0.360
VOT_20250311203731.zip,sesion96votacion2.xml,2025-03-11,96,2,Toma en consideración de Proposiciones de Ley.,"Proposición de Ley del Grupo Parlamentario Popular en el Congreso, para la recuperación de la bonificación de las cuotas patronales de la Seguridad Social para los empresarios de las ciudades de Ceuta y Melilla, cuyas actividades estén encuadradas en los sectores recogidos en la presente ley, con cuentas de cotización y trabajadores asignados a dichas empresas.",0.405,77:0.312
VOT_20250313133849.zip,sesion98votacion1.xml,2025-03-13,98,1,Proposiciones no de Ley.,"Proposición no de Ley del Grupo Parlamentario Republicano, sobre el marco regulatorio contra la opacidad algorítmica y el estudio para la posible creación de una red social de interés y de iniciativa pública de ámbito europeo.
Se vota en los términos resultantes de la incorporación de la enmienda presentada por el Grupo Parlamentario Junts per Catalunya.",0.288,49:0.277
VOT_20250313133849.zip,sesion98votacion2.xml,2025-03-13,98,2,Proposiciones no de Ley.,"Proposición no de Ley del Grupo Parlamentario Popular en el Congreso, para que el Gobierno ejerza de manera efectiva y uniforme sus competencias en materia de inmigración en todo el Estado.",0.377,92:0.331
VOT_20250313133849.zip,sesion98votacion8.xml,2025-03-13,98,8,Mociones consecuencia de interpelaciones urgentes.,"Moción consecuencia de interpelación urgente del Grupo Parlamentario Mixto (Sra. Belarra Urteaga), relativa a la posición del Gobierno sobre la retribución del permiso parental de cuidados de 8 semanas.
Se vota en los términos resultantes de la incorporación de la enmienda presentada por el Grupo Parlamentario Vasco (EAJ-PNV).",0.257,167:0.247
VOT_20250313133849.zip,sesion98votacion9.xml,2025-03-13,98,9,Mociones consecuencia de interpelaciones urgentes.,"Moción consecuencia de interpelación urgente del Grupo Parlamentario VOX, sobre las medidas que adoptará el Gobierno para garantizar la soberanía energética de España.",0.354,4:0.326
VOT_20250313133849.zip,sesion98votacion10.xml,2025-03-13,98,10,Mociones consecuencia de interpelaciones urgentes.,"Moción consecuencia de interpelación urgente del Grupo Parlamentario Popular en el Congreso, sobre el infierno fiscal al que este Gobierno está sometiendo a los españoles.",0.324,71:0.274
VOT_20250313133849.zip,sesion98votacion15.xml,2025-03-13,98,15,Debates de totalidad de iniciativas legislativas.,"Votación de la enmienda a la totalidad de devolución al Proyecto de Ley integral de impulso de la economía social, presentada por el Grupo Parlamentario VOX.",0.289,25:0.288
VOT_20250313133849.zip,sesion98votacion16.xml,2025-03-13,98,16,Debates de totalidad de iniciativas legislativas.,"Votación conjunta de las enmiendas a la totalidad de devolución al Proyecto de Ley por la que se modifica la Ley 1/2000, de 7 de enero, de Enjuiciamiento Civil, para regular el procedimiento de determinación de la edad, presentadas por los Grupos Parlamentarios VOX y Popular en el Congreso.",0.316,63:0.253
VOT_20250313133849.zip,sesion98votacion18.xml,2025-03-13,98,18,Dictámenes de la Comisión de Asuntos Exteriores sobre Convenios internacionales.,"Acuerdo internacional entre el Reino de España y la República de Gambia en materia de cooperación en el ámbito de la seguridad y la lucha contra la delincuencia, hecho ad referendum en Banjul el 28 de agosto de 2024.",0.270,92:0.267
VOT_20250313133849.zip,sesion98votacion19.xml,2025-03-13,98,19,Dictámenes de la Comisión de Asuntos Exteriores sobre Convenios internacionales.,"Convención de las Naciones Unidas sobre los efectos internacionales de las ventas judiciales de buques, hecha en Nueva York el 7 de diciembre de 2022.",0.369,154:0.312
VOT_20250313133849.zip,sesion98votacion20.xml,2025-03-13,98,20,Solicitudes de creación de Comisiones de Investigación.,"Solicitud de los Grupos Parlamentarios Plurinacional SUMAR, Mixto, Republicano y Junts per Catalunya, de creación de una Comisión de Investigación sobre la gestión de la crisis derivada de la DANA que tuvo lugar el 29 de octubre de 2024, así como para el estudio y propuesta de medidas de mejora destinadas a paliar los efectos de estos fenómenos adversos en el futuro.",0.314,77:0.310
VOT_20250313133849.zip,sesion98votacion21.xml,2025-03-13,98,21,Avocación de iniciativas legislativas.,"Votación de la solicitud de avocación por el Pleno de la Cámara de la deliberación y votación final del Proyecto de Ley de la Función Pública de la Administración del Estado, presentada por el Grupo Parlamentario Popular en el Congreso.",0.301,38:0.279
VOT_20250318201319.zip,sesion99votacion2.xml,2025-03-18,99,2,Toma en consideración de Proposiciones de Ley.,"Proposición de Ley del Grupo Parlamentario Socialista, sobre la reducción de la tasa máxima de alcohol en la conducción y la prohibición de la difusión de la ubicación de controles en redes sociales.",0.337,137:0.326
VOT_20250320125659.zip,sesion101votacion4.xml,2025-03-20,101,4,Proposiciones no de Ley.,"Proposición no de Ley del Grupo Parlamentario Socialista, para adaptar la Ley 49/60, de 21 de julio, sobre propiedad horizontal, a la Convención sobre los derechos de las personas con discapacidad de la ONU.",0.488,98:0.488
VOT_20250320125659.zip,sesion101votacion5.xml,2025-03-20,101,5,Proposiciones no de Ley.,"Proposición no de Ley del Grupo Parlamentario Popular en el Congreso, relativa a reafirmar el apoyo a Ucrania y fortalecer la relación transatlántica.",0.329,58:0.295
VOT_20250320125659.zip,sesion101votacion6.xml,2025-03-20,101,6,Mociones consecuencia de interpelaciones urgentes.,"Moción consecuencia de interpelación urgente del Grupo Parlamentario Mixto (Sr. Rego Candamil), relativa a la posición del Gobierno español ante los anuncios intervencionistas, belicistas, anexionistas y de apoyo a la limpieza étnica de los Estados Unidos de América.",0.250,167:0.242
VOT_20250320125659.zip,sesion101votacion12.xml,2025-03-20,101,12,Mociones consecuencia de interpelaciones urgentes.,"Moción consecuencia de interpelación urgente del Grupo Parlamentario VOX, sobre las medidas que adoptará el Gobierno para la restauración de las zonas arrasadas por la gota fría en Valencia.",0.370,86:0.339
VOT_20250320125659.zip,sesion101votacion13.xml,2025-03-20,101,13,Mociones consecuencia de interpelaciones urgentes.,"Moción consecuencia de interpelación urgente del Grupo Parlamentario Mixto (Sr. Catalán Higueras), sobre la criminalidad en nuestro país y las medidas que tiene previsto adoptar el Gobierno para dar respuesta al aumento de ésta en España y, particularmente, en Navarra.",0.281,177:0.274
VOT_20250320125659.zip,sesion101votacion14.xml,2025-03-20,101,14,Mociones consecuencia de interpelaciones urgentes.,"Moción consecuencia de interpelación urgente del Grupo Parlamentario Popular en el Congreso, sobre las cesiones que acaba de realizar el Gobierno en materia de inmigración y fronteras.",0.354,26:0.327
VOT_20250320125659.zip,sesion101votacion65.xml,2025-03-20,101,65,Avocación de iniciativas legislativas.,"Votación de la solicitud de avocación por el Pleno de la Cámara de la deliberación y votación final del Proyecto de Ley por la que se regulan los servicios de atención a la clientela, presentada por el Grupo Parlamentario Republicano.",0.333,36:0.331
VOT_20250325212229.zip,sesion102votacion1.xml,2025-03-25,102,1,Debates de totalidad de iniciativas legislativas.,"Votación de la enmienda a la totalidad de devolución al Proyecto de Ley de transparencia e integridad de las actividades de los grupos de interés, presentada por el Grupo Parlamentario VOX.",0.551,34:0.285
VOT_20250326194433.zip,sesion103votacion1.xml,2025-03-26,103,1,Proposiciones no de Ley.,"Proposición no de Ley del  Grupo Parlamentario Vasco (EAJ-PNV), relativa al acceso al bono social.
Se vota en los términos de la enmienda transaccional presentada por el Grupo Parlamentario Vasco (EAJ-PNV) y el Grupo Parlamentario Junts per Catalunya.",0.285,144:0.266
VOT_20250326194433.zip,sesion103votacion2.xml,2025-03-26,103,2,Proposiciones no de Ley.,"Proposición no de Ley del Grupo Parlamentario Socialista, relativa a la posición de España y la Unión Europea respecto al desmantelamiento de la cooperación al desarrollo a nivel internacional y sus graves consecuencias para millones de personas en situaciones extremas en todo el mundo.
Se vota en los términos de la enmienda transaccional presentada por el Grupo Parlamentario Socialista y el Grupo Parlamentario Vasco (EAJ-PNV).",0.300,34:0.296
VOT_20250326194433.zip,sesion103votacion3.xml,2025-03-26,103,3,Mociones consecuencia de interpelaciones urgentes.,"Moción consecuencia de interpelación urgente del Grupo Parlamentario VOX, sobre las medidas que pretende adoptar el Gobierno para evitar la pérdida de soberanía que sufre España.",0.323,2:0.303
VOT_20250326194433.zip,sesion103votacion4.xml,2025-03-26,103,4,Mociones consecuencia de interpelaciones urgentes.,"Moción consecuencia de interpelación urgente del Grupo Parlamentario Republicano, sobre las causas y asunción de responsabilidades con relación a la agravación del caos ferroviario que sufrimos en Cataluña.",0.289,109:0.283
VOT_20250326194433.zip,sesion103votacion10.xml,2025-03-26,103,10,Mociones consecuencia de interpelaciones urgentes.,"Moción consecuencia de interpelación urgente del Grupo Parlamentario Popular en el Congreso, sobre la nueva programación militar de la defensa y el nuevo concepto de seguridad y defensa del Gobierno.",0.313,71:0.290
VOT_20250408213856.zip,sesion104votacion1.xml,2025-04-08,104,1,Toma en consideración de Proposiciones de Ley de Comunidades y Ciudades Autónomas.,"Proposición de Ley  del Parlamento de Andalucía, relativa a la gratuidad de los productos ópticos y de salud visual.",0.335,125:0.318
VOT_20250408213856.zip,sesion104votacion2.xml,2025-04-08,104,2,Toma en consideración de Proposiciones de reforma del Reglamento del Congreso de los Diputados.,"Proposición del Grupo Parlamentario Popular en el Congreso, de reforma del Reglamento del Congreso de los Diputados relativa a la regulación del debate de política general sobre el estado de la Nación.",0.315,93:0.305
VOT_20250410155135.zip,sesion106votacion8.xml,2025-04-10,106,8,Proposiciones no de Ley.,"Proposición no de Ley del Grupo Parlamentario Popular en el Congreso, sobre el nuevo mapa concesional estatal de los servicios de transporte público regular de viajeros por carretera.",0.335,182:0.316
VOT_20250410155135.zip,sesion106votacion9.xml,2025-04-10,106,9,Proposiciones no de Ley.,"Proposición no de Ley del Grupo Parlamentario Socialista, sobre reconocimiento y apoyo al pueblo gitano.",0.406,108:0.404
VOT_20250410155135.zip,sesion106votacion10.xml,2025-04-10,106,10,Mociones consecuencia de interpelaciones urgentes.,"Moción consecuencia de interpelación urgente del Grupo Parlamentario Mixto (Sra. Valido García), sobre el impacto en la economía canaria de la intención de imponer el empaquetado genérico de los productos del tabaco y relacionados.
Se vota en los términos resultantes de la incorporación de la enmienda presentada por el Grupo Parlamentario Socialista y el Grupo Parlamentario Plurinacional SUMAR.",0.228,167:0.224
VOT_20250410155135.zip,sesion106votacion11.xml,2025-04-10,106,11,Mociones consecuencia de interpelaciones urgentes.,"Moción consecuencia de interpelación urgente del Grupo Parlamentario VOX, sobre las medidas que pretende adoptar el Gobierno para que los españoles que trabajan en el extranjero vuelvan a España.",0.317,63:0.301
VOT_20250410155135.zip,sesion106votacion12.xml,2025-04-10,106,12,Mociones consecuencia de interpelaciones urgentes.,"Moción consecuencia de interpelación urgente del Grupo Parlamentario Popular en el Congreso, para que el Ministro de Agricultura, Pesca y Alimentación informe de sus planes para defender al sistema alimentario español frente a las amenazas del actual contexto geoestratégico internacional.",0.308,114:0.308
VOT_20250410155135.zip,sesion106votacion21.xml,2025-04-10,106,21,Avocación de iniciativas legislativas.,"Votación de la solicitud de avocación por el Pleno de la Cámara de la deliberación y votación final de la Proposición de Ley de modificación de la Ley 24/2013, de 26 de diciembre, del Sector Eléctrico y la Ley 34/1998, de 7 de octubre, del sector de hidrocarburos para armonizar la información a incluir en las páginas web, contratos y facturas de electricidad y gas en relación a la resolución alternativa de litigios en materia de consumo, presentada por el Grupo Parlamentario Popular en el Congreso.",0.235,137:0.192
VOT_20250506211450.zip,sesion107votacion1.xml,2025-05-06,107,1,Toma en consideración de Proposiciones de Ley.,"Proposición de Ley del Grupo Parlamentario Socialista, de modificación del Real Decreto Legislativo 8/2015, de 30 de octubre, por el que se aprueba el texto refundido de la Ley General de la Seguridad Social en relación con las mutualidades alternativas reguladas en sus disposiciones adicionales 18ª y 19ª.",0.526,163:0.294
VOT_20250508130736.zip,sesion109votacion7.xml,2025-05-08,109,7,Proposiciones no de Ley.,"Proposición no de Ley del Grupo Parlamentario VOX, en defensa de la libertad de expresión.",0.321,10:0.313
VOT_20250508130736.zip,sesion109votacion8.xml,2025-05-08,109,8,Proposiciones no de Ley.,"Proposición no de Ley del Grupo Parlamentario Popular en el Congreso, para una Estrategia Integral para una Transición Energética limpia, justa y competitiva.",0.461,32:0.300
VOT_20250508130736.zip,sesion109votacion9.xml,2025-05-08,109,9,Mociones consecuencia de interpelaciones urgentes.,"Moción consecuencia de interpelación urgente del Grupo Parlamentario VOX, sobre las medidas que pretende adoptar el Gobierno para disminuir la delincuencia en España.",0.307,48:0.299
VOT_20250508130736.zip,sesion109votacion10.xml,2025-05-08,109,10,Mociones consecuencia de interpelaciones urgentes.,"Moción consecuencia de interpelación urgente del Grupo Parlamentario Popular en el Congreso, sobre los planes del Gobierno para poder afrontar, sin Presupuestos Generales del Estado, retos y amenazas de enorme impacto socioeconómico en España.",0.361,70:0.291
VOT_20250508130736.zip,sesion109votacion16.xml,2025-05-08,109,16,Tramitación directa y en lectura única de iniciativas legislativas.,"Votación de conjunto del texto del Proyecto de Ley Orgánica por la que se autoriza la ratificación de cuatro enmiendas al artículo 8.2 del Estatuto de Roma de la Corte Penal Internacional, por tramitarse en lectura única y por tener el mismo carácter orgánico, teniendo en cuenta las observaciones técnicas distribuidas.",0.520,194:0.520
VOT_20250508130736.zip,sesion109votacion17.xml,2025-05-08,109,17,Dictamen de la Comisión del Estatuto de los Diputados.,Dictamen de la Comisión del Estatuto de los Diputados sobre declaración de actividades de Excmos. Sres. Diputados.,0.356,22:0.356
VOT_20250508130736.zip,sesion109votacion18.xml,2025-05-08,109,18,Solicitud de prórroga de Subcomisiones.,"Solicitud de la Comisión de Igualdad, de prórroga de seis meses del plazo para la conclusión de los trabajos de la Subcomisión relativa a la lucha contra los discursos de odio, constituida en el seno de la citada Comisión.",0.293,12:0.293
VOT_20250513201839.zip,sesion110votacion1.xml,2025-05-13,110,1,Toma en consideración de Proposiciones de Ley de Comunidades y Ciudades Autónomas.,"Proposición de Ley de la Asamblea Regional de Murcia, relativa al mantenimiento del trasvase Tajo-Segura (corresponde al número de expediente 125/000022/0000 de la XIV Legislatura).",0.264,71:0.260
VOT_20250513201839.zip,sesion110votacion2.xml,2025-05-13,110,2,Toma en consideración de Proposiciones de Ley.,"Proposición de Ley del Grupo Parlamentario Popular en el Congreso, de modificación de la Ley 39/1995, de 19 de diciembre, de Organización del Centro de Investigaciones Sociológicas, para reforzar su independencia.",0.396,50:0.345
VOT_20250514165625.zip,sesion111votacion1.xml,2025-05-14,111,1,Proposiciones no de Ley.,"Proposición no de Ley del Grupo Parlamentario Socialista, en defensa del Pacto Verde europeo.",0.348,120:0.338
VOT_20250514165625.zip,sesion111votacion2.xml,2025-05-14,111,2,Proposiciones no de Ley.,"Proposición no de Ley del Grupo Parlamentario Plurinacional SUMAR, para la creación de un impuesto que grave las emisiones ocasionadas por el uso de medios de transporte de lujo.
Se vota en los términos de la enmienda transaccional presentada por el Grupo Parlamentario Plurinacional SUMAR y el Grupo Parlamentario Republicano.",0.292,141:0.285
VOT_20250514165625.zip,sesion111votacion3.xml,2025-05-14,111,3,Mociones consecuencia de interpelaciones urgentes.,"Moción consecuencia de Interpelación urgente del Grupo Parlamentario Mixto (Sra. Belarra Urteaga), relativa a la posición del Gobierno sobre el control público de los sectores estratégicos.",0.293,12:0.286
VOT_20250514165625.zip,sesion111votacion5.xml,2025-05-14,111,5,Mociones consecuencia de interpelaciones urgentes.,"Moción consecuencia de interpelación urgente del Grupo Parlamentario VOX, sobre las medidas que pretende adoptar el Gobierno para garantizar el suministro eléctrico en España.",0.375,89:0.338
VOT_20250514165625.zip,sesion111votacion6.xml,2025-05-14,111,6,Mociones consecuencia de interpelaciones urgentes.,"Moción consecuencia de interpelación urgente del Grupo Parlamentario Popular en el Congreso, sobre las causas del apagón eléctrico sucedido el 28 de abril de 2025, su impacto en términos de seguridad energética nacional, y las garantías urgentes que debe proporcionar el Gobierno para que no vuelva a suceder.",0.320,67:0.305
VOT_20250514165625.zip,sesion111votacion7.xml,2025-05-14,111,7,Dictámenes de la Comisión de Asuntos Exteriores sobre Convenios internacionales.,"Acuerdo Marco Avanzado entre la Unión Europea y sus Estados miembros, por una parte, y la República de Chile, por otra, hecho ad referendum en Bruselas el 13 de diciembre de 2023.",0.293,82:0.251
VOT_20250514165625.zip,sesion111votacion8.xml,2025-05-14,111,8,Dictámenes de la Comisión de Asuntos Exteriores sobre Convenios internacionales.,"Tratado de Amistad y Cooperación entre el Reino de España y la República Francesa, hecho en Barcelona el 19 de enero de 2023.",0.269,140:0.269
VOT_20250514165625.zip,sesion111votacion9.xml,2025-05-14,111,9,Dictámenes de la Comisión de Asuntos Exteriores sobre Convenios internacionales.,"Acuerdo entre el Reino de España y la República Portuguesa para la construcción de un puente internacional sobre el río Guadiana, entre las localidades de Sanlúcar de Guadiana (España) y Alcoutim (Portugal), hecho en Faro el 23 de octubre de 2024.",0.307,53:0.277
VOT_20250514165625.zip,sesion111votacion10.xml,2025-05-14,111,10,Dictámenes de la Comisión de Asuntos Exteriores sobre Convenios internacionales.,"Renovación de la Reserva formulada por España al Convenio penal sobre la corrupción del Consejo de Europa, hecho en Estrasburgo el 27 de enero de 1999.",0.298,38:0.289
VOT_20250514165625.zip,sesion111votacion11.xml,2025-05-14,111,11,Dictámenes de la Comisión de Asuntos Exteriores sobre Convenios internacionales.,"Protocolo nº 16 al Convenio para la Protección de los Derechos Humanos y de las Libertades Fundamentales, hecho ad referendum en Estrasburgo el 2 de octubre de 2013, y Declaraciones que España desea formular.",0.392,85:0.392
VOT_20250514165625.zip,sesion111votacion12.xml,2025-05-14,111,12,Dictámenes de la Comisión de Asuntos Exteriores sobre Convenios internacionales.,"Acuerdo entre el Reino de España y la República Portuguesa para la seguridad de la navegación y la náutica de recreo en el Tramo Internacional del Río Guadiana, hecho en Faro el 23 de octubre de 2024.",0.296,101:0.292
VOT_20250520203908.zip,sesion112votacion1.xml,2025-05-20,112,1,Toma en consideración de Proposiciones de reforma del Reglamento del Congreso de los Diputados.,"Proposición de los Grupos Parlamentarios Socialista y Vasco (EAJ-PNV), de reforma del Reglamento del Congreso de los Diputados.",0.320,144:0.301
VOT_20250520203908.zip,sesion112votacion2.xml,2025-05-20,112,2,Toma en consideración de Proposiciones de Ley.,"Proposición de Ley de los Grupos Parlamentarios Plurinacional SUMAR y Mixto, por la que se reforma la Ley 53/2007, de 28 de diciembre, sobre el control del comercio exterior de material de defensa y de doble uso, introduciendo la figura del embargo y su régimen jurídico.",0.271,182:0.247
VOT_20250520203908.zip,sesion112votacion3.xml,2025-05-20,112,3,Proposiciones no de Ley.,"Proposición no de Ley del Grupo Parlamentario Popular en el Congreso, sobre la atención a los pasajeros en caso de incidencias extraordinarias.",0.323,118:0.322
VOT_20250520203908.zip,sesion112votacion4.xml,2025-05-20,112,4,Proposiciones no de Ley.,"Proposición no de Ley del Grupo Parlamentario Socialista, relativa a impulsar la atracción y retención del talento científico e innovador, como respuesta a la ola internacional reaccionaria y negacionista.
Se vota en los términos de la enmienda transaccional presentada por el Grupo Parlamentario Socialista y el Grupo Parlamentario Republicano.",0.231,118:0.229
VOT_20250520203908.zip,sesion112votacion5.xml,2025-05-20,112,5,Mociones consecuencia de interpelaciones urgentes.,"Moción consecuencia de interpelación urgente del Grupo Parlamentario Popular en el Congreso, sobre la política del Gobierno en materia de gobernanza de empresas públicas, y en particular sobre la SEPI, y su impacto en los acontecimientos recientes.",0.300,118:0.287
VOT_20250528152326.zip,sesion115votacion2.xml,2025-05-28,115,2,Proposiciones no de Ley.,"Proposición no de Ley del Grupo Parlamentario Socialista, de reconocimiento del movimiento vecinal.
Se vota en los términos de la enmienda transaccional presentada por el Grupo Parlamentario Socialista, el Grupo Parlamentario Plurinacional SUMAR y el Grupo Parlamentario Junts per Catalunya.",0.280,83:0.265
VOT_20250528152326.zip,sesion115votacion3.xml,2025-05-28,115,3,Mociones consecuencia de interpelaciones urgentes.,"Moción consecuencia de interpelación urgente del Grupo Parlamentario VOX, sobre las medidas que pretende adoptar el Gobierno para garantizar el funcionamiento de la red ferroviaria.",0.377,89:0.359
VOT_20250528152326.zip,sesion115votacion4.xml,2025-05-28,115,4,Mociones consecuencia de interpelaciones urgentes.,"Moción consecuencia de interpelación urgente del Grupo Parlamentario VOX, sobre las medidas que va a adoptar el Gobierno para terminar con la precariedad residencial y garantizar un hogar digno a los españoles.",0.285,4:0.282
VOT_20250528152326.zip,sesion115votacion5.xml,2025-05-28,115,5,Mociones consecuencia de interpelaciones urgentes.,"Moción consecuencia de interpelación urgente del Grupo Parlamentario Popular en el Congreso, sobre la implicación de la Vicepresidenta Primera del Gobierno y Ministra de Hacienda y la del Departamento que dirige en las tramas corruptas que cercan al Gobierno.",0.271,103:0.257
VOT_20250528152326.zip,sesion115votacion6.xml,2025-05-28,115,6,Solicitudes de creación de Comisiones de Investigación.,"Solicitud del Sr. Tellado Filgueira y otros 130 Diputados, de creación de una Comisión de Investigación sobre la interrupción del suministro eléctrico y de las comunicaciones el 28 de abril de 2025 que afectó al territorio nacional, con el fin de analizar las causas del grave incidente, la eficacia de las medidas de prevención que lo hubieran evitado, las graves consecuencias de la emergencia nacional y promover las medidas legales y de todo tipo que deban adoptarse para garantizar que en el futuro no vuelvan a producirse hechos similares.
Se vota en sus términos.",0.211,15:0.197
VOT_20250528152326.zip,sesion115votacion7.xml,2025-05-28,115,7,Solicitudes de creación de Comisiones de Investigación.,"Solicitud de los Grupos Parlamentarios Socialista y Plurinacional SUMAR, de creación de una Comisión de Investigación sobre los hechos, las causas, las responsabilidades y las enseñanzas a extraer acerca de la crisis de suministro eléctrico que tuvo lugar el día 28 de abril de 2025.
Se vota en sus términos.",0.229,49:0.224
VOT_20250528152326.zip,sesion115votacion8.xml,2025-05-28,115,8,Solicitud de prórroga de Subcomisiones.,"Solicitud de la Comisión de Educación, Formación Profesional y Deportes, de prórroga de seis meses del plazo para la conclusión de los trabajos de la Subcomisión relativa al Estatuto del Deportista, constituida en el seno de la citada Comisión.",0.292,74:0.247
VOT_20250610202445.zip,sesion116votacion2.xml,2025-06-10,116,2,Toma en consideración de Proposiciones de reforma del Reglamento del Congreso de los Diputados.,"Proposición del Grupo Parlamentario Socialista, de reforma del Reglamento del Congreso para incorporar un nuevo Título XIV para la regulación de los grupos de interés y los incumplimientos o infracciones por parte de los diputados y grupos parlamentarios.",0.359,182:0.329
VOT_20250612132237.zip,sesion118votacion1.xml,2025-06-12,118,1,Proposiciones no de Ley.,"Proposición no de Ley del Grupo Parlamentario Popular en el Congreso, para ajustar el IRPF por la inflación.",0.432,32:0.426
VOT_20250612132237.zip,sesion118votacion2.xml,2025-06-12,118,2,Proposiciones no de Ley.,"Proposición no de Ley del Grupo Parlamentario VOX, relativa a la defensa del olivar en el contexto de la sobreinstalación de plantas de generación renovable.",0.316,19:0.304
VOT_20250612132237.zip,sesion118votacion7.xml,2025-06-12,118,7,Mociones consecuencia de interpelaciones urgentes.,"Moción consecuencia de interpelación urgente del Grupo Parlamentario Mixto (Sra. Belarra Urteaga), relativa a la posición del Gobierno sobre la necesidad de destinar los fondos del plan de rearme a fortalecer la educación pública.
Se vota en los términos resultantes de la incorporación de la enmienda presentada por el Grupo Parlamentario Euskal Herria Bildu.",0.252,167:0.236
VOT_20250612132237.zip,sesion118votacion8.xml,2025-06-12,118,8,Mociones consecuencia de interpelaciones urgentes.,"Moción consecuencia de interpelación urgente del Grupo Parlamentario VOX, sobre cómo va a recuperar el Gobierno una política energética que garantice el bienestar de los españoles.",0.285,90:0.270
VOT_20250612132237.zip,sesion118votacion12.xml,2025-06-12,118,12,Mociones consecuencia de interpelaciones urgentes.,"Moción consecuencia de interpelación urgente del Grupo Parlamentario Republicano,  sobre las medidas que el Gobierno tiene previsto adoptar para hacer frente a la emergencia social derivada de la imposibilidad de acceder a una vivienda y del incremento descontrolado de la adquisición de inmuebles con fines especulativos.",0.342,126:0.328
VOT_20250612132237.zip,sesion118votacion13.xml,2025-06-12,118,13,Mociones consecuencia de interpelaciones urgentes.,"Moción consecuencia de interpelación urgente del Grupo Parlamentario Popular en el Congreso, para que la Vicepresidenta Tercera del Gobierno y Ministra para la Transición Ecológica y el Reto Demográfico informe de las hasta la fecha no aclaradas causas del mayor apagón de la historia de España y de los compromisos que va a adquirir el Gobierno para que no vuelva a suceder.",0.295,49:0.257
VOT_20250619120736.zip,sesion121votacion2.xml,2025-06-19,121,2,Proposiciones no de Ley.,"Proposición no de Ley del Grupo Parlamentario Popular en el Congreso, en defensa de los contrapesos democráticos.",0.366,74:0.311
VOT_20250619120736.zip,sesion121votacion3.xml,2025-06-19,121,3,Proposiciones no de Ley.,"Proposición no de Ley del Grupo Parlamentario Socialista, relativa a la condena de la prohibición de la marcha del orgullo LGTBI en Hungría y en defensa de los derechos humanos.",0.327,109:0.301
VOT_20250619120736.zip,sesion121votacion4.xml,2025-06-19,121,4,Mociones consecuencia de interpelaciones urgentes.,"Moción consecuencia de interpelación urgente del Grupo Parlamentario Euskal Herria Bildu, relativa a las necesidades de la industria vasca y su electrificación.
Se vota en los términos de la enmienda transaccional presentada por el Grupo Parlamentario Socialista y el Grupo Parlamentario Euskal Herria Bildu.",0.261,109:0.256
VOT_20250619120736.zip,sesion121votacion5.xml,2025-06-19,121,5,Mociones consecuencia de interpelaciones urgentes.,"Moción consecuencia de interpelación urgente del Grupo Parlamentario VOX, sobre las consecuencias de la implantación de la enseñanza del islam en las aulas.",0.350,71:0.342
VOT_20250619120736.zip,sesion121votacion6.xml,2025-06-19,121,6,Mociones consecuencia de interpelaciones urgentes.,"Moción consecuencia de interpelación urgente del Grupo Parlamentario Popular en el Congreso, sobre los ataques que está sufriendo la Guardia Civil de manos de, entre otros, miembros del Gobierno.",0.283,71:0.280
VOT_20250619120736.zip,sesion121votacion9.xml,2025-06-19,121,9,Debates de totalidad de iniciativas legislativas.,"Votación de la enmienda a la totalidad de texto alternativo a la Proposición de Ley de modificación del Real Decreto Legislativo 8/2015, de 30 de octubre, por el que se aprueba el texto refundido de la Ley General de la Seguridad Social en relación con las mutualidades alternativas reguladas en sus disposiciones adicionales 18ª y 19ª, presentada por el Grupo Parlamentario VOX.",0.468,163:0.274
VOT_20250619120736.zip,sesion121votacion10.xml,2025-06-19,121,10,Solicitud de prórroga de Subcomisiones.,"Solicitud de la Comisión de Juventud e Infancia, de prórroga del plazo para la conclusión de los trabajos de la Subcomisión sobre el estudio de un Pacto de Estado para la erradicación de la Pobreza Infantil, constituida en el seno de la citada Comisión, hasta el final del próximo periodo de sesiones (septiembre a diciembre 2025).",0.292,141:0.262
VOT_20250624202322.zip,sesion122votacion1.xml,2025-06-24,122,1,Toma en consideración de Proposición de reforma del Reglamento del Congreso de los Diputados.,"Proposición del Grupo Parlamentario Popular en el Congreso, de reforma del Reglamento del Congreso de los Diputados relativa a la actividad legislativa.",0.323,123:0.305
VOT_20250626120526.zip,sesion124votacion1.xml,2025-06-26,124,1,Proposiciones no de Ley.,"Proposición no de Ley del Grupo Parlamentario Euskal Herria Bildu, relativa a la recuperación de la memoria histórica en relación a los sucesos de sanfermines de 1978.
Se vota en los términos de la enmienda transaccional presentada por el Grupo Parlamentario Socialista, el Grupo Parlamentario Plurinacional SUMAR y el Grupo Parlamentario Euskal Herria Bildu.",0.248,74:0.237
VOT_20250626120526.zip,sesion124votacion2.xml,2025-06-26,124,2,Proposiciones no de Ley.,"Proposición no de Ley del Grupo Parlamentario Popular en el Congreso, relativa a la rendición de cuentas del Plan Industrial y Tecnológico para la Seguridad y la Defensa.",0.384,48:0.358
VOT_20250626120526.zip,sesion124votacion6.xml,2025-06-26,124,6,Mociones consecuencia de interpelaciones urgentes.,"Moción consecuencia de interpelación urgente del Grupo Parlamentario VOX, sobre las acciones que va a adoptar el Gobierno para recuperar la dignidad de las instituciones y restablecer la imprescindible estabilidad política.",0.365,97:0.335
VOT_20250626120526.zip,sesion124votacion7.xml,2025-06-26,124,7,Mociones consecuencia de interpelaciones urgentes.,"Moción consecuencia de interpelación urgente del Grupo Parlamentario Junts per Catalunya, sobre la política fiscal y presupuestaria.",0.309,71:0.300
VOT_20250626120526.zip,sesion124votacion8.xml,2025-06-26,124,8,Mociones consecuencia de interpelaciones urgentes.,"Moción consecuencia de interpelación urgente del Grupo Parlamentario Popular en el Congreso, sobre las diferentes tramas de corrupción que investiga actualmente la Guardia Civil que implican directamente al Gobierno de España y a la dirección del Partido Socialista.",0.289,103:0.264
VOT_20250626120526.zip,sesion124votacion15.xml,2025-06-26,124,15,Dictámenes de la Comisión de Asuntos Exteriores sobre Convenios internacionales.,"Acuerdo entre el Reino de España y el Reino Unido de Gran Bretaña e Irlanda del Norte sobre el libre ejercicio de actividades remuneradas para familiares dependientes de miembros de Misiones Diplomáticas y Oficinas Consulares, hecho ad referendum en Londres el 16 de septiembre de 2024.",0.242,126:0.238
VOT_20250626120526.zip,sesion124votacion16.xml,2025-06-26,124,16,Dictámenes de la Comisión de Asuntos Exteriores sobre Convenios internacionales.,"Convenio relativo a la revisión del Convenio sobre la protección de la maternidad (revisado), 1952, hecho en Ginebra el 15 de junio de 2000.",0.348,63:0.344
VOT_20250626120526.zip,sesion124votacion17.xml,2025-06-26,124,17,Dictámenes de la Comisión de Asuntos Exteriores sobre Convenios internacionales.,"Acuerdo europeo sobre grandes líneas de transporte internacional combinado e instalaciones conexas (AGTC), enmendado, hecho en Ginebra el 1 de febrero de 1991.",0.296,117:0.279
VOT_20250626120526.zip,sesion124votacion18.xml,2025-06-26,124,18,Dictamen de la Comisión del Estatuto de los Diputados.,Dictamen de la Comisión del Estatuto de los Diputados sobre declaración de actividades de los Excmos. Sres. Diputados.,0.363,22:0.363
VOT_20250708193304.zip,sesion125votacion1.xml,2025-07-08,125,1,Debates de totalidad de iniciativas de reforma del Reglamento del Congreso de los Diputados.,Proposición de reforma del Reglamento del Congreso de los Diputados.,0.387,41:0.353
VOT_20250910213531.zip,sesion130votacion1.xml,2025-09-10,130,1,Proposiciones no de Ley.,"Proposición no de Ley del Grupo Parlamentario Popular en el Congreso, relativa a garantizar la igualdad de los españoles para afrontar el inicio del curso escolar 2025/2026.",0.358,33:0.357
VOT_20250910213531.zip,sesion130votacion6.xml,2025-09-10,130,6,Proposiciones no de Ley.,"Proposición no de Ley del Grupo Parlamentario Socialista, sobre el impulso de la Agenda 2030.",0.320,22:0.320
VOT_20250910213531.zip,sesion130votacion7.xml,2025-09-10,130,7,Mociones consecuencia de interpelaciones urgentes.,"Moción consecuencia de interpelación urgente del Grupo Parlamentario VOX, sobre las medidas que va a adoptar el Gobierno desde el Ministerio de Hacienda para combatir la corrupción.",0.387,65:0.387
VOT_20250910213531.zip,sesion130votacion8.xml,2025-09-10,130,8,Mociones consecuencia de interpelaciones urgentes.,"Moción consecuencia de interpelación urgente del Grupo Parlamentario Popular en el Congreso, sobre las múltiples tramas corruptas que actuaban en el Gobierno y, especialmente, en el Ministerio de Hacienda.",0.323,71:0.278
VOT_20250910213531.zip,sesion130votacion9.xml,2025-09-10,130,9,Debates de totalidad de iniciativas legislativas.,"Votación de la enmienda a la totalidad de devolución al Proyecto de Ley Orgánica para la protección de las personas menores de edad en los entornos digitales, presentada por el Grupo Parlamentario VOX.",0.572,63:0.378
VOT_20250910213531.zip,sesion130votacion10.xml,2025-09-10,130,10,Debates de totalidad de iniciativas legislativas.,"Votación conjunta de las enmiendas a la totalidad de devolución al Proyecto de Ley para la reducción de la duración máxima de la jornada ordinaria de trabajo y la garantía del registro de jornada y el derecho a la desconexión, presentadas por los Grupos Parlamentarios Junts per Catalunya, VOX y Popular en el Congreso.",0.595,13:0.403
VOT_20250910213531.zip,sesion130votacion11.xml,2025-09-10,130,11,Declaración sobre la Cuenta General del Estado.,"Dictamen de la Comisión Mixta para las Relaciones con el Tribunal de Cuentas en relación con la Declaración sobre la Cuenta General del Estado del ejercicio 2023, así como la Resolución adoptada por la Comisión.",0.337,103:0.306
VOT_20250916211203.zip,sesion131votacion1.xml,2025-09-16,131,1,Toma en consideración de Proposiciones de Ley.,"Proposición de Ley del Grupo Parlamentario VOX, Orgánica de modificación de la Ley Orgánica 4/2000, de 11 de enero, sobre derechos y libertades de los extranjeros en España y su integración social, para restringir la regularización de inmigrantes ilegales a través del arraigo.",0.450,119:0.450
VOT_20250916211203.zip,sesion131votacion2.xml,2025-09-16,131,2,Toma en consideración de Proposiciones de Ley.,"Proposición de Ley del Grupo Parlamentario Plurinacional SUMAR, de creación de la Oficina de prevención de la corrupción.",0.319,60:0.316
VOT_20250917193935.zip,sesion132votacion1.xml,2025-09-17,132,1,Acuerdos de Comisiones relativos a Informes de Subcomisiones y Ponencias.,"Votación del voto particular, presentado por el Grupo Parlamentario VOX, al Informe de la Subcomisión para mejorar la protección, la promoción y la atención integral de la salud mental.",0.322,46:0.313
VOT_20250917193935.zip,sesion132votacion2.xml,2025-09-17,132,2,Proposiciones no de Ley.,"Proposición no de Ley del Grupo Parlamentario VOX, relativa al incremento de la inseguridad en España.",0.370,11:0.360
VOT_20250917193935.zip,sesion132votacion3.xml,2025-09-17,132,3,Proposiciones no de Ley.,"Proposición no de Ley del Grupo Parlamentario Plurinacional SUMAR, relativa al establecimiento por ley de un despido realmente restaurativo y disuasorio.",0.338,36:0.335
VOT_20250917193935.zip,sesion132votacion4.xml,2025-09-17,132,4,Mociones consecuencia de interpelaciones urgentes.,"Moción consecuencia de interpelación urgente del Grupo Parlamentario Mixto (Sr. Catalán Higueras), sobre los trámites, plazos y presupuestos para la licitación de las obras de construcción de las nuevas estaciones ferroviarias de Pamplona y Tudela enmarcadas en el Corredor Navarro de Alta Velocidad.",0.281,131:0.281
VOT_20250917193935.zip,sesion132votacion5.xml,2025-09-17,132,5,Mociones consecuencia de interpelaciones urgentes.,"Moción consecuencia de interpelación urgente del Grupo Parlamentario Mixto (Sr. Rego Candamil), relativa a las actuaciones necesarias y urgentes que precisa el transporte ferroviario en Galicia.",0.321,107:0.265
VOT_20250917193935.zip,sesion132votacion15.xml,2025-09-17,132,15,Mociones consecuencia de interpelaciones urgentes.,"Moción consecuencia de interpelación urgente del Grupo Parlamentario VOX, sobre cuál es la política del Gobierno en materia de inmigración.",0.338,70:0.316
VOT_20250917193935.zip,sesion132votacion16.xml,2025-09-17,132,16,Mociones consecuencia de interpelaciones urgentes.,"Moción consecuencia de interpelación urgente del Grupo Parlamentario Popular en el Congreso, sobre la situación de emergencia que atraviesa la vivienda en España y la falta de respuesta del Gobierno.",0.281,71:0.276
VOT_20250917193935.zip,sesion132votacion26.xml,2025-09-17,132,26,Acuerdos de Comisiones relativos a Informes de Subcomisiones y Ponencias.,"Informe de la Subcomisión para mejorar la protección, la promoción y la atención integral de la salud mental.",0.357,127:0.354
VOT_20250917193935.zip,sesion132votacion27.xml,2025-09-17,132,27,Avocación de iniciativas legislativas.,"Votación de la solicitud de avocación por el Pleno de la Cámara de la deliberación y votación final del Proyecto de Ley de transparencia e integridad de las actividades de los grupos de interés, presentada por el Grupo Parlamentario Popular en el Congreso.",0.446,18:0.283
VOT_20250924171302.zip,sesion134votacion1.xml,2025-09-24,134,1,Proposiciones no de Ley.,"Proposición no de Ley del Grupo Parlamentario Junts per Catalunya, sobre la modificación del artículo 30.2 del RD 295/2009 referente a la solicitud de la prestación económica por paternidad y resolución de la misma.",0.314,115:0.311
VOT_20250924171302.zip,sesion134votacion2.xml,2025-09-24,134,2,Proposiciones no de Ley.,"Proposición no de Ley Del Grupo Parlamentario Mixto (Sr. Rego Candamil), relativa a la transferencia de activos inmobiliarios de la SAREB a Galicia para su gestión.
Se vota en los términos resultantes de la incorporación de la enmienda presentada por el Grupo Parlamentario Mixto (Sr. Rego Candamil).",0.316,32:0.302
VOT_20250924171302.zip,sesion134votacion3.xml,2025-09-24,134,3,Mociones consecuencia de interpelaciones urgentes.,"Moción consecuencia de interpelación urgente del Grupo Parlamentario Mixto (Sra. Valido García), sobre los controles que se realizan actualmente en los puertos y aeropuertos canarios en materia de inspección fitosanitaria para prevenir la entrada de plagas y especies invasoras.",0.301,89:0.292
VOT_20250924171302.zip,sesion134votacion8.xml,2025-09-24,134,8,Mociones consecuencia de interpelaciones urgentes.,"Moción consecuencia de interpelación urgente del Grupo Parlamentario VOX, sobre cuál es la estrategia que va a adoptar el Gobierno para posibilitar el acceso a la vivienda de los jóvenes españoles.",0.329,32:0.317
VOT_20250924171302.zip,sesion134votacion9.xml,2025-09-24,134,9,Mociones consecuencia de interpelaciones urgentes.,"Moción consecuencia de interpelación urgente del Grupo Parlamentario Popular en el Congreso, sobre la defensa de la Ministra de Igualdad de las víctimas de violencia de género y las medidas que se están tomando al respecto desde su Ministerio.",0.290,36:0.289
VOT_20250924171302.zip,sesion134votacion10.xml,2025-09-24,134,10,Avocación de iniciativas legislativas.,"Votación de la solicitud de avocación por el Pleno de la Cámara de la deliberación y votación final de la Proposición de Ley de modificación del Real Decreto Legislativo 8/2015, de 30 de octubre, por el que se aprueba el texto refundido de la Ley General de la Seguridad Social en relación con las mutualidades alternativas reguladas en sus disposiciones adicionales 18ª y 19ª, presentada por el Grupo Parlamentario Mixto.",0.445,163:0.266
VOT_20251007214327.zip,sesion135votacion1.xml,2025-10-07,135,1,Toma en consideración de Proposiciones de Ley de iniciativa popular.,"Proposición de Ley para la derogación de la Ley 18/2013, de 12 de noviembre, para la regulación de la Tauromaquia como patrimonio cultural.",0.343,13:0.308
VOT_20251008195215.zip,sesion136votacion89.xml,2025-10-08,136,89,Proposiciones no de Ley.,"Proposición no de Ley del Grupo Parlamentario Republicano, de medidas fiscales, regulatorias y de adquisición pública para asegurar el derecho a la vivienda.",0.595,46:0.409
VOT_20251008195215.zip,sesion136votacion98.xml,2025-10-08,136,98,Proposiciones no de Ley.,"Proposición no de Ley del Grupo Parlamentario Popular en el Congreso, para recuperar la calidad y la confianza en el tren en España.",0.353,91:0.320
VOT_20251008195215.zip,sesion136votacion99.xml,2025-10-08,136,99,Mociones consecuencia de interpelaciones urgentes.,"Moción consecuencia de interpelación urgente del Grupo Parlamentario VOX, sobre la necesidad de garantizar la enseñanza y presencia del español en todos los ámbitos del espacio público de toda la nación.",0.279,166:0.276
VOT_20251008195215.zip,sesion136votacion100.xml,2025-10-08,136,100,Mociones consecuencia de interpelaciones urgentes.,"Moción consecuencia de interpelación urgente del Grupo Parlamentario Mixto (Sra. Belarra Urteaga), relativa a los planes del Ministerio de Hacienda en relación con el impacto en la Hacienda Pública de las relaciones económicas con el Estado de Israel.",0.292,74:0.265
VOT_20251008195215.zip,sesion136votacion107.xml,2025-10-08,136,107,Mociones consecuencia de interpelaciones urgentes.,"Moción consecuencia de interpelación urgente del Grupo Parlamentario Popular en el Congreso, sobre las actuaciones que piensa acometer el Gobierno en apoyo al medio rural y al sistema agroalimentario, en particular al sector primario y al forestal, por su contribución en la lucha contra los incendios, en un contexto de cambio climático.",0.250,58:0.244
VOT_20251008195215.zip,sesion136votacion116.xml,2025-10-08,136,116,Dictámenes de Comisiones sobre iniciativas legislativas.,Votación del dictamen del Proyecto de Ley de Movilidad Sostenible.,0.460,88:0.362
VOT_20251008195215.zip,sesion136votacion117.xml,2025-10-08,136,117,Avocación de iniciativas legislativas.,"Votación de la solicitud de avocación por el Pleno de la Cámara de la deliberación y votación final del Proyecto de Ley por la que se modifica la Ley 1/2000, de 7 de enero, de Enjuiciamiento Civil, para regular el procedimiento de determinación de la edad, presentada por el Grupo Parlamentario VOX.",0.289,25:0.262
VOT_20251014202755.zip,sesion137votacion2.xml,2025-10-14,137,2,Toma en consideración de Proposiciones de Ley.,"Proposición de Ley del Grupo Parlamentario Popular en el Congreso, de Conciliación y Corresponsabilidad Familiar.",0.594,111:0.594
VOT_20251016123445.zip,sesion139votacion1.xml,2025-10-16,139,1,Proposiciones no de Ley.,"Proposición no de Ley del Grupo Parlamentario Socialista, sobre la aplicación del baremo de valoración de la discapacidad a las personas con cardiopatía congénita del adulto.",0.407,71:0.326
VOT_20251016123445.zip,sesion139votacion2.xml,2025-10-16,139,2,Proposiciones no de Ley.,"Proposición no de Ley del Grupo Parlamentario Popular en el Congreso, relativa a la urgente necesidad de reactivar los proyectos estatales estratégicos paralizados en la provincia de León.",0.336,28:0.294
VOT_20251016123445.zip,sesion139votacion3.xml,2025-10-16,139,3,Mociones consecuencia de interpelaciones urgentes.,"Moción consecuencia de interpelación urgente del Grupo Parlamentario Popular en el Congreso, sobre el cumplimiento por parte del Gobierno, y en particular del Ministerio de Hacienda, de sus obligaciones legales y presupuestarias.",0.269,141:0.268
VOT_20251016123445.zip,sesion139votacion6.xml,2025-10-16,139,6,Mociones consecuencia de interpelaciones urgentes.,"Moción consecuencia de interpelación urgente del Grupo Parlamentario VOX, sobre la estrategia que desarrollará el Gobierno para garantizar la supervivencia del campo español.",0.358,46:0.354
VOT_20251016123445.zip,sesion139votacion8.xml,2025-10-16,139,8,Mociones consecuencia de interpelaciones urgentes.,"Moción consecuencia de interpelación urgente del Grupo Parlamentario Mixto (Sr. Rego Candamil), sobre las medidas necesarias para impulsar el sector pesquero gallego.",0.323,4:0.297
VOT_20251016123445.zip,sesion139votacion19.xml,2025-10-16,139,19,Debates de totalidad de iniciativas legislativas.,"Votación de la enmienda a la totalidad de texto alternativo a la Proposición de reforma del Reglamento del Congreso para incorporar un nuevo Título XIV para la regulación de los grupos de interés y los incumplimientos o infracciones por parte de los diputados y grupos parlamentarios, presentada por el Grupo Parlamentario VOX.",0.262,182:0.258
VOT_20251016123445.zip,sesion139votacion20.xml,2025-10-16,139,20,Dictamen de la Comisión del Estatuto.,Dictamen de la Comisión del Estatuto sobre declaración de actividades de los Excmos. Sres. Diputados.,0.376,20:0.371
VOT_20251022134511.zip,sesion141votacion1.xml,2025-10-22,141,1,Proposiciones no de Ley.,"Proposición no de Ley del Grupo Parlamentario Socialista, de desarrollo de medidas que incentiven el teletrabajo para fijar población joven en entornos rurales.",0.369,95:0.311
VOT_20251022134511.zip,sesion141votacion2.xml,2025-10-22,141,2,Proposiciones no de Ley.,"Proposición no de Ley del Grupo Parlamentario Popular en el Congreso, para instar al Gobierno a realizar una auditoría integral del sistema de control telemático de órdenes de alejamiento en casos de violencia de género y violencia sexual.",0.321,33:0.291
VOT_20251022134511.zip,sesion141votacion3.xml,2025-10-22,141,3,Mociones consecuencia de interpelaciones urgentes.,"Moción consecuencia de interpelación urgente del Grupo Parlamentario Mixto (Sra. Belarra Urteaga), relativa a la posición del Gobierno sobre la consolidación de sus puestos de trabajo como personal fijo de la Administración pública de los trabajadores y trabajadoras del sector público en situación de abuso de temporalidad o fraude, tanto aquellos en activo como los ya cesados.",0.239,12:0.237
VOT_20251022134511.zip,sesion141votacion4.xml,2025-10-22,141,4,Mociones consecuencia de interpelaciones urgentes.,"Moción consecuencia de interpelación urgente del Grupo Parlamentario VOX, para explicar las medidas que ha impulsado el Gobierno para evitar un nuevo apagón.",0.307,48:0.291
VOT_20251022134511.zip,sesion141votacion5.xml,2025-10-22,141,5,Mociones consecuencia de interpelaciones urgentes.,"Moción consecuencia de interpelación urgente del Grupo Parlamentario Popular en el Congreso, sobre el impacto al alza de los precios de los alimentos, del coste de la vida y el deterioro del poder adquisitivo de los españoles.",0.291,88:0.275
VOT_20251022134511.zip,sesion141votacion9.xml,2025-10-22,141,9,Dictámenes de la Comisión de Asuntos Exteriores sobre Convenios internacionales.,"Enmienda al Acuerdo de préstamo entre el Reino de España y el Fondo Monetario Internacional, hecha en Madrid y Washington el 27 de noviembre de 2024 y 16 de enero de 2025.",0.307,120:0.289
VOT_20251022134511.zip,sesion141votacion10.xml,2025-10-22,141,10,Dictámenes de la Comisión de Asuntos Exteriores sobre Convenios internacionales.,"Convenio entre el Reino de España y el Estado Plurinacional de Bolivia sobre cooperación en materia de lucha contra la delincuencia y seguridad, hecho en Madrid el 12 de marzo de 2025.",0.290,157:0.288
VOT_20251022134511.zip,sesion141votacion11.xml,2025-10-22,141,11,Dictámenes de la Comisión de Asuntos Exteriores sobre Convenios internacionales.,"Convenio sobre las enmiendas a ciertas normas consiguientes al reconocimiento de un entorno de trabajo seguro y saludable como principio fundamental, hecho en Ginebra el 12 de junio de 2023.",0.276,137:0.255
VOT_20251022134511.zip,sesion141votacion12.xml,2025-10-22,141,12,Dictámenes de la Comisión de Asuntos Exteriores sobre Convenios internacionales.,"Acuerdo Internacional entre el Reino de España y la República de Irak en materia de cooperación en el ámbito de la seguridad y la lucha contra la delincuencia, hecho ad referendum en Bagdad el 23 de abril de 2025.",0.274,166:0.272
VOT_20251022134511.zip,sesion141votacion13.xml,2025-10-22,141,13,Dictámenes de la Comisión de Asuntos Exteriores sobre Convenios internacionales.,"Acuerdo de Asociación entre la Unión Europea y sus Estados miembros, por una parte, y los miembros de la Organización de Estados de África, el Caribe y el Pacífico, por otra, hecho ad referendum en Apia (Samoa) el 15 de noviembre de 2023.",0.272,141:0.238
VOT_20251022134511.zip,sesion141votacion14.xml,2025-10-22,141,14,Solicitud de prórroga de Comisiones de Investigación.,"Solicitud de prórroga por un año del plazo para la realización del Dictamen de la Comisión de Investigación sobre la denominada ""Operación Cataluña"" y las actuaciones del Ministerio del Interior durante los gobiernos del Partido Popular en relación con las presuntas irregularidades que vinculan a altos cargos y mandos policiales con la existencia de una trama parapolicial.",0.240,93:0.233
VOT_20251028204539.zip,sesion142votacion3.xml,2025-10-28,142,3,Proposiciones no de Ley.,"Proposición no de Ley del Grupo Parlamentario Socialista, para regular el uso de la palabra cáncer.",0.334,38:0.323
VOT_20251028204539.zip,sesion142votacion4.xml,2025-10-28,142,4,Proposiciones no de Ley.,"Proposición no de Ley del Grupo Parlamentario VOX, relativa al rechazo de la integración de la Política Agraria Común (PAC) en un fondo presupuestario único de la Unión Europea en defensa de su carácter estratégico, autónomo y nacionalmente gestionable.",0.280,28:0.278
VOT_20251028204539.zip,sesion142votacion9.xml,2025-10-28,142,9,Mociones consecuencia de interpelaciones urgentes.,"Moción consecuencia de interpelación urgente del Grupo Parlamentario VOX, sobre qué medidas está poniendo en marcha el Gobierno para solucionar los problemas del ""sistema de seguimiento por medios telemáticos de las prohibiciones de aproximación impuestas en materia de violencia de género y violencia sexual"".",0.301,49:0.294
VOT_20251028204539.zip,sesion142votacion17.xml,2025-10-28,142,17,Mociones consecuencia de interpelaciones urgentes.,"Moción consecuencia de interpelación urgente del Grupo Parlamentario Popular en el Congreso, sobre las prioridades del Gobierno en materia de cooperación territorial y el desarrollo de los compromisos multilaterales y bilaterales con las Comunidades Autónomas.",0.303,74:0.290
VOT_20251113131220.zip,sesion146votacion1.xml,2025-11-13,146,1,Dictámenes de Comisiones sobre iniciativas legislativas.,Proyecto de Ley por la que se regulan los servicios de atención a la clientela.,0.328,180:0.318
VOT_20251113131220.zip,sesion146votacion57.xml,2025-11-13,146,57,Proposiciones no de Ley.,"Proposición no de Ley del Grupo Parlamentario Popular en el Congreso, para la modificación urgente de la regulación de los medios alternativos de solución de conflictos en la justicia y el establecimiento de criterios unificados para todos los órganos judiciales.
Se vota en los términos resultantes de la incorporación de las enmiendas presentadas por el Grupo Parlamentario Vasco (EAJ-PNV).",0.308,28:0.306
VOT_20251113131220.zip,sesion146votacion58.xml,2025-11-13,146,58,Proposiciones no de Ley.,"Proposición no de Ley del Grupo Parlamentario Socialista, sobre el 40 aniversario de la aprobación de la Ley General de Sanidad y de reconocimiento a la figura de Ernest Lluch.",0.391,107:0.333
VOT_20251113131220.zip,sesion146votacion59.xml,2025-11-13,146,59,Mociones consecuencia de interpelaciones urgentes.,"Moción consecuencia de interpelación urgente del Grupo Parlamentario Mixto (Sr. Catalán Higueras), sobre la planificación eléctrica 2030 y su impacto en Navarra.",0.274,71:0.272
VOT_20251113131220.zip,sesion146votacion60.xml,2025-11-13,146,60,Mociones consecuencia de interpelaciones urgentes.,"Moción consecuencia de interpelación urgente del Grupo Parlamentario Mixto (Sra. Belarra Urteaga), relativa a los planes del Gobierno para facilitar la jubilación de trabajadores y trabajadoras con más de 40 años cotizados sin penalización.",0.299,167:0.283
VOT_20251113131220.zip,sesion146votacion61.xml,2025-11-13,146,61,Mociones consecuencia de interpelaciones urgentes.,"Moción consecuencia de interpelación urgente del Grupo Parlamentario VOX, sobre la estrategia fiscal del Gobierno para evitar que los trabajadores autónomos se extingan en España.",0.329,63:0.312
VOT_20251113131220.zip,sesion146votacion62.xml,2025-11-13,146,62,Mociones consecuencia de interpelaciones urgentes.,"Moción consecuencia de interpelación urgente del Grupo Parlamentario Popular en el Congreso, sobre la política fiscal del Gobierno y su falta de coherencia con los intereses y necesidades de los españoles.",0.286,43:0.282
VOT_20251113131220.zip,sesion146votacion63.xml,2025-11-13,146,63,Dictámenes de Comisiones sobre iniciativas legislativas.,Votación del dictamen del Proyecto de Ley por la que se regulan los servicios de atención a la clientela.,0.421,36:0.417
VOT_20251119145814.zip,sesion148votacion1.xml,2025-11-19,148,1,Proposiciones no de Ley.,"Proposición no de Ley del Grupo Parlamentario Plurinacional SUMAR, sobre el uso responsable de algoritmos en portales inmobiliarios.
Se vota en los términos de la enmienda transaccional presentada por el Grupo Parlamentario Socialista y el Grupo Parlamentario Plurinacional SUMAR.",0.270,93:0.267
VOT_20251119145814.zip,sesion148votacion2.xml,2025-11-19,148,2,Proposiciones no de Ley.,"Proposición no de Ley del Grupo Parlamentario Popular en el Congreso, para defender en el Consejo de la Unión Europea una financiación adecuada para la Política Agraria Común y la Política Pesquera Común en el Marco Financiero Plurianual 2028-2034.",0.281,108:0.260
VOT_20251119145814.zip,sesion148votacion3.xml,2025-11-19,148,3,Mociones consecuencia de interpelaciones urgentes.,"Moción consecuencia de interpelación urgente del Grupo Parlamentario Mixto (Sra. Belarra Urteaga), relativa a los planes del Gobierno sobre la situación del transporte público, ferroviario y por carretera en la Comunidad Autónoma de Extremadura.
Se vota en los términos de la enmienda transaccional presentada por el Grupo Parlamentario Socialista y el Grupo Parlamentario Mixto.",0.276,141:0.260
VOT_20251119145814.zip,sesion148votacion4.xml,2025-11-19,148,4,Mociones consecuencia de interpelaciones urgentes.,"Moción consecuencia de interpelación urgente del Grupo Parlamentario VOX, sobre cuál es la política del Gobierno para garantizar la seguridad de las mujeres en nuestras calles.",0.414,89:0.396
VOT_20251119145814.zip,sesion148votacion5.xml,2025-11-19,148,5,Mociones consecuencia de interpelaciones urgentes.,"Moción consecuencia de interpelación urgente del Grupo Parlamentario Popular en el Congreso, sobre los principios democráticos, éticos y de transparencia que rigen la actividad política del Ministro de Política Territorial y Memoria Democrática.",0.276,88:0.256
VOT_20251127124046.zip,sesion151votacion3.xml,2025-11-27,151,3,Proposiciones no de Ley.,"Proposición no de Ley del Grupo Parlamentario Socialista, para proteger a las víctimas contra los efectos del negacionismo de la violencia de género.",0.395,107:0.392
VOT_20251127124046.zip,sesion151votacion4.xml,2025-11-27,151,4,Proposiciones no de Ley.,"Proposición no de Ley del Grupo Parlamentario Popular en el Congreso, relativa a la digitalización y el mantenimiento de los centros de examen desplazados para las pruebas de obtención del permiso de conducir.",0.426,27:0.392
VOT_20251127124046.zip,sesion151votacion9.xml,2025-11-27,151,9,Mociones consecuencia de interpelaciones urgentes.,"Moción consecuencia de interpelación urgente del Grupo Parlamentario VOX, sobre la estrategia del Gobierno para garantizar el buen funcionamiento de las Fuerzas y Cuerpos de Seguridad del Estado.",0.380,33:0.372
VOT_20251127124046.zip,sesion151votacion11.xml,2025-11-27,151,11,Mociones consecuencia de interpelaciones urgentes.,"Moción consecuencia de interpelación urgente del Grupo Parlamentario Popular en el Congreso, sobre el fracaso en todos los ámbitos de la política de seguridad e interior de este Gobierno.",0.294,103:0.290
VOT_20251127124046.zip,sesion151votacion12.xml,2025-11-27,151,12,Dictámenes de la Comisión de Asuntos Exteriores sobre Convenios internacionales.,"Acuerdo de extradición entre el Reino de España y el Reino Hachemí de Jordania, hecho en Madrid el 5 de junio de 2025.",0.270,144:0.238
VOT_20251127124046.zip,sesion151votacion14.xml,2025-11-27,151,14,Avocación de iniciativas legislativas.,"Votación de la solicitud de avocación por el Pleno de la Cámara de la deliberación y votación final de la Proposición de Ley para la regulación de los contratos de alquiler temporales y alquiler de habitaciones, presentada por el Grupo Parlamentario Popular en el Congreso.",0.268,14:0.261
VOT_20251127124046.zip,sesion151votacion15.xml,2025-11-27,151,15,Propuestas de creación de Subcomisiones.,"Propuesta de la Comisión de Sanidad, de creación de una Subcomisión relativa al estudio de la situación del sector veterinario en el Estado español.",0.356,90:0.312
VOT_20251127124046.zip,sesion151votacion18.xml,2025-11-27,151,18,Debate relativo al objetivo de estabilidad presupuestaria.,Acuerdo del Gobierno por el que se fijan los objetivos de estabilidad presupuestaria y de deuda pública para el conjunto de Administraciones Públicas y de cada uno de sus subsectores para el periodo 2026-2028 y el límite de gasto no financiero del presupuesto del Estado para el año 2026. Se votan los objetivos de estabilidad presupuestaria y de deuda pública propuestos por el Gobierno.,0.250,37:0.233
VOT_20251209205648.zip,sesion152votacion1.xml,2025-12-09,152,1,Toma en consideración de Proposiciones de Ley de Comunidades y Ciudades Autónomas.,"Proposición de Ley del Parlamento de Cantabria, de modificación del Real Decreto Legislativo 5/2015, de 30 de octubre, por el que se aprueba el texto refundido de la Ley del Estatuto Básico del Empleado Público.",0.300,148:0.283
VOT_20251211175042.zip,sesion154votacion1.xml,2025-12-11,154,1,Proposiciones no de Ley.,"Proposición no de Ley del Grupo Parlamentario Popular en el Congreso, para ayudar a las familias ante la escalada del precio de los alimentos básicos.",0.429,131:0.387
VOT_20251211175042.zip,sesion154votacion2.xml,2025-12-11,154,2,Proposiciones no de Ley.,"Proposición no de Ley del Grupo Parlamentario Socialista, relativa a garantizar la igualdad de oportunidades y no discriminación de las personas con discapacidad ante la inteligencia artificial.",0.364,79:0.351
VOT_20251211175042.zip,sesion154votacion3.xml,2025-12-11,154,3,Mociones consecuencia de interpelaciones urgentes.,"Moción consecuencia de interpelación urgente del Grupo Parlamentario VOX, sobre las medidas que va a tomar el Gobierno después de conocer la condena del Fiscal General del Estado.",0.307,93:0.305
VOT_20251211175042.zip,sesion154votacion4.xml,2025-12-11,154,4,Mociones consecuencia de interpelaciones urgentes.,"Moción consecuencia de interpelación urgente  del Grupo Parlamentario Popular en el Congreso, para que el Ministro de la Presidencia, Justicia y Relaciones con las Cortes rinda cuentas del deterioro sin precedentes al que este Gobierno ha sometido a las instituciones del Estado, en particular, tras la sentencia condenatoria al Fiscal General del Estado.",0.290,97:0.266
VOT_20251211175042.zip,sesion154votacion5.xml,2025-12-11,154,5,Mociones consecuencia de interpelaciones urgentes.,"Moción consecuencia de interpelación urgente del Grupo Parlamentario Mixto (Sr. Rego Candamil), relativa a la mejora de la financiación en Galicia.",0.324,70:0.297
VOT_20251211175042.zip,sesion154votacion16.xml,2025-12-11,154,16,Enmiendas del Senado.,Proyecto de Ley por la que se regulan los servicios de atención al cliente (antes denominado Proyecto de Ley por la que se regulan los servicios de atención a la clientela).,0.372,100:0.361
VOT_20251211175042.zip,sesion154votacion26.xml,2025-12-11,154,26,Avocación de iniciativas legislativas.,"Votación de la solicitud de avocación por el Pleno de la Cámara de la deliberación y votación final de la Proposición de Ley sobre concesión de nacionalidad española a las y los saharauis nacidos bajo la administración española, presentada por el Grupo Parlamentario Popular en el Congreso.",0.257,167:0.254
VOT_20251211175042.zip,sesion154votacion27.xml,2025-12-11,154,27,Avocación de iniciativas legislativas.,"Votación de la solicitud de avocación por el Pleno de la Cámara de la deliberación y votación final de la Proposición de Ley relativa a la regulación de las cláusulas Redito Ad Libitum en la contratación de préstamos y créditos hipotecarios, presentada por el Grupo Parlamentario Popular en el Congreso.",0.285,109:0.248
VOT_20251211175042.zip,sesion154votacion28.xml,2025-12-11,154,28,Avocación de iniciativas legislativas.,"Votación de la solicitud de avocación por el Pleno de la Cámara de la deliberación y votación final de la Proposición de Ley sobre control y regulación de la publicidad y contratación de los pisos turísticos, presentada por el Grupo Parlamentario Popular en el Congreso.",0.488,167:0.263
VOT_20251211175042.zip,sesion154votacion30.xml,2025-12-11,154,30,Solicitud de prórroga de Subcomisiones.,"Solicitud de la Comisión de Juventud e Infancia, de prórroga del plazo para la conclusión de los trabajos de la Subcomisión sobre el estudio de un Pacto de Estado para la erradicación de la Pobreza Infantil, constituida en el seno de la citada Comisión, hasta el final del siguiente periodo de sesiones (febrero a junio 2026).",0.278,49:0.261
