id;tipo;subtipo;titulo;fecha_presentacion;fecha_calificacion;fecha_boe;fecha_ley;autor;resultado_tramitacion;situacion_actual
1;Proposición de ley;Proposición de ley de Grupos Parlamentarios del Congreso;"Proposición de Ley Orgánica de garantía y protección de los derechos
fundamentales frente al acoso derivado de acciones judiciales abusivas.";/Date(1736467200000)/;/Date(1736985600000)/;;;Socialista;Retirado;Cerrado
2;Proposición de ley;Proposición de ley de Grupos Parlamentarios del Congreso;"Proposición de Ley relativa al establecimiento de nuevos mecanismos 
para atender de manera urgente y ágil situaciones de emergencia, como la 
derivada de la DANA de octubre de 2024.";/Date(1736553600000)/;/Date(1736985600000)/;;;Popular en el Congreso;Decaído;Cerrado
3;Proposición de ley;Proposición de ley de Grupos Parlamentarios del Congreso;"Proposición de Ley Orgánica para garantizar el funcionamiento de las 
secciones de los Tribunales de Instancia y de las Audiencias provinciales 
en materia de violencia sobre la mujer, así como la especialización de 
los jueces y magistrados destinados en ellas.";/Date(1736899200000)/;/Date(1738108800000)/;;;Popular en el Congreso;Rechazado;Cerrado
4;Proposición de ley;Proposición de ley de Grupos Parlamentarios del Congreso;"Proposición de Ley Orgánica de medidas urgentes para hacer frente a
la ocupación ilegal de inmuebles.";/Date(1737417600000)/;/Date(1738108800000)/;;;Junts per Catalunya;;"Comisión de Justicia
Enmiendas"
5;Proposición de ley;Proposición de ley de Grupos Parlamentarios del Congreso;Proposición de Ley para la revalorización de las pensiones en 2025.;/Date(1737504000000)/;/Date(1738108800000)/;;;Popular en el Congreso;;"Pleno
Toma en consideración"
6;Proposición de ley;Proposición de ley de Grupos Parlamentarios del Congreso;"Proposición de Ley de medidas complementarias para ayudar a los 
afectados por la DANA.";/Date(1737504000000)/;/Date(1738108800000)/;;;Popular en el Congreso;;"Pleno
Toma en consideración"
7;Proposición de ley;Proposición de ley de Grupos Parlamentarios del Congreso;"Proposición de Ley por la que se adoptan medidas en materia de 
transporte.";/Date(1737590400000)/;/Date(1738108800000)/;;;Popular en el Congreso;;"Pleno
Toma en consideración"
8;Proposición de ley;Proposición de ley de Grupos Parlamentarios del Congreso;"Proposición de Ley sobre modificación de la Ley Orgánica 14/2025, de 
14 de octubre, del Código Penal Militar (Orgánica).";/Date(1738195200000)/;/Date(1738627200000)/;;;Plurinacional SUMAR;;"Pleno
Toma en consideración"
9;Proposición de ley;Proposición de ley de Grupos Parlamentarios del Congreso;"Proposición de Ley de Modificación de la Ley 35/2006, de 28 de 
noviembre, del Impuesto sobre la Renta de las Personas Físicas y de 
modificación parcial de las leyes de los Impuestos sobre Sociedades, 
sobre la Renta de no Residentes y sobre el Patrimonio.";/Date(1739232000000)/;/Date(1739836800000)/;;;Mixto;Decaído;Cerrado
10;Proposición de ley;Proposición de ley de Grupos Parlamentarios del Congreso;"Proposición de Ley para ajustar el límite exento del IRPF al Salario 
Mínimo Interprofesional.";/Date(1739232000000)/;/Date(1739836800000)/;;;Popular en el Congreso;Decaído;Cerrado
11;Proposición de ley;Proposición de ley de Grupos Parlamentarios del Congreso;"Proposición de Ley para actualizar el Impuesto de la Renta de las 
Personas Físicas al incremento del Salario Mínimo Interprofesional.";/Date(1739232000000)/;/Date(1739836800000)/;;;Plurinacional SUMAR;Retirado;Cerrado
12;Proposición de ley;Proposición de ley de Grupos Parlamentarios del Congreso;"Proposición de Ley para la actualización de los precios en los 
contratos del sector público.";/Date(1739318400000)/;/Date(1739836800000)/;;;Plurinacional SUMAR;;"Pleno
Toma en consideración"
13;Proposición de ley;Proposición de ley de Grupos Parlamentarios del Congreso;"Proposición de Ley para la reducción de la duración máxima de la 
jornada ordinaria de trabajo a 35 horas semanales.";/Date(1739318400000)/;/Date(1739836800000)/;;;Mixto;Rechazado;Cerrado
14;Proposición de ley;Proposición de ley de Grupos Parlamentarios del Congreso;"Proposición de Ley de modificación de la Ley 19/2021, de 20 de 
diciembre, por la que se establece el ingreso mínimo vital, y por la que 
se establece un régimen jurídico propio para las ayudas de emergencia.";/Date(1739404800000)/;/Date(1739836800000)/;;;Plurinacional SUMAR;;"Pleno
Toma en consideración"
15;Proposición de ley;Proposición de ley de Grupos Parlamentarios del Congreso;"Proposición de Ley de medidas tributarias, de financiación y de apoyo 
a las familias ante la ausencia de Presupuestos Generales del Estado para 
2025.";/Date(1739491200000)/;/Date(1739836800000)/;;;Popular en el Congreso;Decaído;Cerrado
16;Proposición de ley;Proposición de ley de Grupos Parlamentarios del Congreso;"Proposición de Ley para la modificación de la Ley 29/1994, de 24 de 
noviembre, de Arrendamientos Urbanos.";/Date(1739750400000)/;/Date(1740441600000)/;;;Plurinacional SUMAR;;"Pleno
Toma en consideración"
17;Proposición de ley;Proposición de ley de Grupos Parlamentarios del Congreso;"Proposición de Ley Orgánica por la que se modifica la Ley Orgánica 
10/1995, de 23 de noviembre, del Código Penal, al objeto de tipificar 
penalmente el transporte y almacenamiento de combustibles líquidos 
predeterminados al narcotráfico.";/Date(1739750400000)/;/Date(1740441600000)/;;;VOX;Rechazado;Cerrado
18;Proposición de ley;Proposición de ley de Grupos Parlamentarios del Congreso;"Proposición de Ley Orgánica de modificación de la Ley Orgánica 
10/1995, de 23 de noviembre, del Código Penal, para el endurecimiento de 
las penas del delito de matrimonio forzado.";/Date(1739750400000)/;/Date(1740441600000)/;;;VOX;Rechazado;Cerrado
19;Proposición de ley;Proposición de ley de Grupos Parlamentarios del Congreso;"Proposición de Ley de modificación del Real Decreto Legislativo 
2/2011, de 5 de septiembre, por el que se aprueba el Texto Refundido de 
la Ley de Puertos del Estado y de la Marina Mercante.";/Date(1739750400000)/;/Date(1740441600000)/;;;VOX;;"Pleno
Toma en consideración"
20;Proposición de ley;Proposición de ley de Grupos Parlamentarios del Congreso;"Proposición de Ley del impuesto temporal sobre beneficios de las 
grandes empresas cotizadas.";/Date(1739836800000)/;/Date(1740441600000)/;;;Mixto;Retirado;Cerrado
21;Proposición de ley;Proposición de ley de Grupos Parlamentarios del Congreso;"Proposición de Ley Orgánica por la que se modifica la Ley Orgánica 
10/1995, de 23 de noviembre, del Código Penal, para castigar la práctica 
de terapias de conversión y garantizar la protección de las víctimas.";/Date(1739836800000)/;/Date(1740441600000)/;;;Mixto y Plurinacional SUMAR;;"Pleno
Toma en consideración"
22;Proposición de ley;Proposición de ley de Grupos Parlamentarios del Congreso;"Proposición de Ley del Impuesto temporal sobre beneficios de las 
grandes empresas cotizadas.";/Date(1739836800000)/;/Date(1740441600000)/;;;Mixto;;"Pleno
Toma en consideración"
23;Proposición de ley;Proposición de ley de Grupos Parlamentarios del Congreso;"Proposición de Ley por la que se modifica la Ley 1/2005, de 9 de 
marzo, por la que se regula el régimen del comercio de derechos de 
emisión de gases de efecto invernadero.";/Date(1740700800000)/;/Date(1741651200000)/;;;Socialista y Plurinacional SUMAR;Retirado;Cerrado
24;Proposición de ley;Proposición de ley de Grupos Parlamentarios del Congreso;"Proposición de Ley por la que se modifica la Ley 1/2005, de 9 de
marzo, por la que se regula el régimen del comercio de derechos de
emisión de gases de efecto invernadero.";/Date(1740700800000)/;/Date(1741651200000)/;;;Socialista;;"Comisión de Transición Ecológica y Reto Demográfico
Enmiendas"
25;Proposición de ley;Proposición de ley de Grupos Parlamentarios del Congreso;"Proposición de Ley de recuperación de la bonificación total de las 
cuotas empresariales de Seguridad Social en casos de baja por nacimiento 
y cuidado del menor.";/Date(1740960000000)/;/Date(1741651200000)/;;;VOX;Decaído;Cerrado
26;Proposición de ley;Proposición de ley de Grupos Parlamentarios del Congreso;"Proposición de Ley Orgánica de delegación en la Comunidad Autónoma de 
Cataluña de competencias estatales en materia de inmigración.";/Date(1741046400000)/;/Date(1741651200000)/;;;Socialista y Junts per Catalunya;Rechazado;Cerrado
27;Proposición de ley;Proposición de ley de Grupos Parlamentarios del Congreso;"Proposición de Ley para la imposición progresiva y equitativa de las 
cuantías de las sanciones de tráfico.";/Date(1741305600000)/;/Date(1741651200000)/;;;Plurinacional SUMAR;;"Pleno
Toma en consideración"
28;Proposición de ley;Proposición de ley de Grupos Parlamentarios del Congreso;"Proposición de Ley Orgánica de modificación de la Ley de 
Enjuiciamiento Criminal para el fortalecimiento de las garantías 
procesales en la figura del Agente Encubierto.";/Date(1742342400000)/;/Date(1742860800000)/;;;Plurinacional SUMAR;;"Pleno
Toma en consideración"
29;Proposición de ley;Proposición de ley de Grupos Parlamentarios del Congreso;"Proposición de Ley Orgánica por la que se modifica la Ley Orgánica
5/2000, de 12 de enero, reguladora de la responsabilidad penal de los
menores, para rebajar la edad penal y sancionar con más firmeza y
eficacia los delitos cometidos por menores.";/Date(1742860800000)/;/Date(1743120000000)/;;;VOX;Rechazado;Cerrado
30;Proposición de ley;Proposición de ley de Grupos Parlamentarios del Congreso;"Proposición de Ley relativa a incrementar las medidas de prevención 
en el consumo de alcohol y drogas por los conductores, en especial por 
conductores profesionales de vehículos de transporte de pasajeros y 
mercancías.";/Date(1743033600000)/;/Date(1743634800000)/;;;Popular en el Congreso;Rechazado;Cerrado
31;Proposición de ley;Proposición de ley de Grupos Parlamentarios del Congreso;"Proposición de Ley de modificación de la Ley 15/2012, de 27 de 
diciembre, de medidas fiscales para la sostenibilidad energética, para la 
supresión del impuesto sobre el valor de la producción eléctrica, el 
impuesto sobre la producción de combustible nuclear gastado y residuos 
radiactivos resultantes de la generación de energía nucleoeléctrica y el 
impuesto sobre el almacenamiento de combustible nuclear gastado y 
residuos radiactivos en instalaciones centralizadas.";/Date(1743548400000)/;/Date(1744066800000)/;;;VOX;Decaído;Cerrado
32;Proposición de ley;Proposición de ley de Grupos Parlamentarios del Congreso;"Proposición de Ley para la modificación de la Ley 12/2023, de 24 de
mayo, por el derecho a la vivienda.";/Date(1743548400000)/;/Date(1744066800000)/;;;Plurinacional SUMAR;Rechazado;Cerrado
33;Proposición de ley;Proposición de ley de Grupos Parlamentarios del Congreso;"Proposición de Ley para garantizar la aportación de la energía
nuclear en la descarbonización del sistema energético.";/Date(1743721200000)/;/Date(1744066800000)/;;;Popular en el Congreso;;"Comisión de Transición Ecológica y Reto Demográfico
Enmiendas"
34;Proposición de ley;Proposición de ley de Grupos Parlamentarios del Congreso;"Proposición de Ley para el reconocimiento de los derechos de las 
personas intersexuales y de las personas no binarias.";/Date(1744153200000)/;/Date(1745881200000)/;;;Plurinacional SUMAR;;"Pleno
Toma en consideración"
35;Proposición de ley;Proposición de ley de Grupos Parlamentarios del Congreso;"Proposición de Ley relativa a la modificación de la Ley 22/1988, de
28 de julio, de Costas, para la preservación de conjuntos urbanos
costeros de tipología tradicional y otras instalaciones de interés
público, en terrenos que han  pasado a ser de dominio público
marítimo-terrestre.";/Date(1744239600000)/;/Date(1744671600000)/;;;Popular en el Congreso;;"Comisión de Transición Ecológica y Reto Demográfico
Enmiendas"
36;Proposición de ley;Proposición de ley de Grupos Parlamentarios del Congreso;"Proposición de Ley relativa a la modificación de la Ley 50/1981, de
30 de diciembre, por la que se regula el Estatuto Orgánico del Ministerio
Fiscal.";/Date(1744326000000)/;/Date(1744671600000)/;;;Popular en el Congreso;;"Comisión de Justicia
Enmiendas"
37;Proposición de ley;Proposición de ley de Grupos Parlamentarios del Congreso;"Proposición de Ley Orgánica por la que se modifica la Ley Orgánica 
5/1985, de 19 de junio, del Régimen Electoral General para ampliar el 
derecho de sufragio activo a los mayores de 16 años.";/Date(1744671600000)/;/Date(1745881200000)/;;;Republicano;Retirado;Cerrado
38;Proposición de ley;Proposición de ley de Grupos Parlamentarios del Congreso;"Proposición de Ley Orgánica relativa a la modificación de la Ley 
Orgánica 3/1980, de 22 de abril, reguladora del Consejo de Estado, para 
fortalecer la transparencia de sus funciones.";/Date(1745622000000)/;/Date(1745881200000)/;;;Popular en el Congreso;;"Pleno
Toma en consideración"
39;Proposición de ley;Proposición de ley de Grupos Parlamentarios del Congreso;"Proposición de Ley por la que se regula la extinción del derecho al 
uso privativo de las aguas mediante la concesión del dominio público 
hidráulico para el uso industrial de producción de energía eléctrica y la 
asunción de las plantas hidroeléctricas por la entidad pública 
empresarial ""Producción Energética Española"".";/Date(1745967600000)/;/Date(1746486000000)/;;;Mixto;;"Pleno
Toma en consideración"
40;Proposición de ley;Proposición de ley de Grupos Parlamentarios del Congreso;"Proposición de Ley Orgánica por la que se modifica la Ley Orgánica
2/2023, de 22 de marzo, del Sistema Universitario.";/Date(1747177200000)/;/Date(1747695600000)/;;;Socialista;;"Comisión de Ciencia, Innovación y Universidades
Enmiendas"
41;Proposición de ley;Proposición de ley de Grupos Parlamentarios del Congreso;"Proposición de Ley Orgánica de reforma de la Ley Orgánica 2/1979, de
3 de octubre, del Tribunal Constitucional.";/Date(1747350000000)/;/Date(1747695600000)/;;;Vasco (EAJ-PNV);;"Comisión Constitucional
Enmiendas"
42;Proposición de ley;Proposición de ley de Grupos Parlamentarios del Congreso;"Proposición de Ley para garantizar la prestación de los servicios
públicos esenciales a los municipios rurales de pequeño tamaño en
situaciones de emergencia de interés nacional.";/Date(1747350000000)/;/Date(1747695600000)/;;;Popular en el Congreso;Rechazado;Cerrado
43;Proposición de ley;Proposición de ley de Grupos Parlamentarios del Congreso;"Proposición de Ley relativa a la escolarización del alumnado con 
necesidades educativas especiales (Orgánica).";/Date(1747350000000)/;/Date(1747695600000)/;;;Popular en el Congreso;Rechazado;Cerrado
44;Proposición de ley;Proposición de ley de Grupos Parlamentarios del Congreso;"Proposición de Ley de medidas fiscales para combatir la especulación
inmobiliaria.";/Date(1747350000000)/;/Date(1747695600000)/;;;Republicano;Decaído;Cerrado
45;Proposición de ley;Proposición de ley de Grupos Parlamentarios del Congreso;"Proposición de Ley Orgánica de modificación de la Ley Orgánica 
4/2000, de 11 de enero, sobre derechos y libertades de los extranjeros en 
España y su integración social, para restringir la regularización de 
inmigrantes ilegales a través del arraigo.";/Date(1747695600000)/;/Date(1748300400000)/;;;VOX;Rechazado;Cerrado
46;Proposición de ley;Proposición de ley de Grupos Parlamentarios del Congreso;"Proposición de Ley Orgánica de modificación del Código Penal para la 
protección del derecho al trabajo.";/Date(1747695600000)/;/Date(1748300400000)/;;;VOX;;"Pleno
Toma en consideración"
47;Proposición de ley;Proposición de ley de Grupos Parlamentarios del Congreso;"Proposición de Ley de modificación de la Ley 29/1994, de 24 de 
noviembre, de arrendamientos urbanos, para restaurar los derechos de 
adquisición preferente del inquilino en los supuestos de venta conjunta.";/Date(1747695600000)/;/Date(1748300400000)/;;;VOX;;"Pleno
Toma en consideración"
48;Proposición de ley;Proposición de ley de Grupos Parlamentarios del Congreso;"Proposición de Ley de compensación económica para las personas
celíacas.";/Date(1747695600000)/;/Date(1748300400000)/;;;Popular en el Congreso;;"Comisión de Hacienda y Función Pública
Enmiendas"
49;Proposición de ley;Proposición de ley de Grupos Parlamentarios del Congreso;"Proposición de Ley para la derogación expresa de los Decretos de 
abolición de los Furs/Fueros de los Reinos de València y Aragón, y de los 
Decretos de Nueva Planta del Reino de Mallorca y el Principado de 
Catalunya.";/Date(1747782000000)/;/Date(1748300400000)/;;;Plurinacional SUMAR;;"Pleno
Toma en consideración"
50;Proposición de ley;Proposición de ley de Grupos Parlamentarios del Congreso;"Proposición de Ley para impulsar el alquiler de viviendas a precios 
asequibles.";/Date(1747868400000)/;/Date(1748300400000)/;;;Socialista;;"Pleno
Toma en consideración"
51;Proposición de ley;Proposición de ley de Grupos Parlamentarios del Congreso;"Proposición de Ley para el reconocimiento de la titularidad pública 
de las redes de distribución eléctrica y del impulso del autoconsumo.";/Date(1748214000000)/;/Date(1749510000000)/;;;Republicano;Retirado;Cerrado
52;Proposición de ley;Proposición de ley de Grupos Parlamentarios del Congreso;Proposición de Ley de Transparencia en el Mercado de Medicamentos.;/Date(1748300400000)/;/Date(1749510000000)/;;;Mixto;;"Pleno
Toma en consideración"
53;Proposición de ley;Proposición de ley de Grupos Parlamentarios del Congreso;"Proposición de Ley sobre el cumplimiento de las obligaciones 
internacionales de no reconocimiento y no asistencia a situaciones de 
ocupación ilegal de territorios.";/Date(1748386800000)/;/Date(1749510000000)/;;;Plurinacional SUMAR;;"Pleno
Toma en consideración"
54;Proposición de ley;Proposición de ley de Grupos Parlamentarios del Congreso;"Proposición de Ley Orgánica por la que se modifica la Ley Orgánica 
5/1985, de 19 de junio, del Régimen Electoral General.";/Date(1748991600000)/;/Date(1749510000000)/;;;VOX;Decaído;Cerrado
55;Proposición de ley;Proposición de ley de Grupos Parlamentarios del Congreso;"Proposición de Ley Orgánica por la que se modifica la Ley Orgánica
10/1995, de 23 de noviembre, del Código Penal, para penalizar las
terapias de conversión dirigidas a eliminar o negar la orientación
sexual, identidad sexual o expresión de género.";/Date(1749164400000)/;/Date(1749510000000)/;;;Socialista;;"Comisión de Igualdad
Informe"
56;Proposición de ley;Proposición de ley de Grupos Parlamentarios del Congreso;"Proposición de Ley sobre la prohibición de la acuicultura con pulpos 
en España.";/Date(1749596400000)/;/Date(1750114800000)/;;;Plurinacional SUMAR y Mixto;;"Pleno
Toma en consideración"
57;Proposición de ley;Proposición de ley de Grupos Parlamentarios del Congreso;Proposición de Ley de Conciliación y Corresponsabilidad Familiar.;/Date(1749855600000)/;/Date(1750114800000)/;;;Popular en el Congreso;Rechazado;Cerrado
58;Proposición de ley;Proposición de ley de Grupos Parlamentarios del Congreso;"Proposición de Ley en apoyo del sistema alimentario español como
sector estratégico esencial de la economía.";/Date(1749855600000)/;/Date(1750114800000)/;;;Popular en el Congreso;;"Pleno
Toma en consideración"
59;Proposición de ley;Proposición de ley de Grupos Parlamentarios del Congreso;"Proposición de Ley relativa a la exención fiscal de las ayudas 
previstas en el Real Decreto 574/2023, de 4 de julio, por el que se 
regula el procedimiento de concesión de ayudas a las personas afectadas 
por la talidomida en España durante el periodo 1950-1985.";/Date(1749855600000)/;/Date(1750114800000)/;;;Popular en el Congreso;;"Pleno
Toma en consideración"
60;Proposición de ley;Proposición de ley de Grupos Parlamentarios del Congreso;"Proposición de Ley de prohibición de contratación pública de empresas 
participantes en la corrupción.";/Date(1750114800000)/;/Date(1750719600000)/;;;Mixto;Retirado;Cerrado
61;Proposición de ley;Proposición de ley de Grupos Parlamentarios del Congreso;"Proposición de Ley de prohibición de contratación pública de empresas 
participantes en la corrupción.";/Date(1750114800000)/;/Date(1750719600000)/;;;Mixto;;"Pleno
Toma en consideración"
62;Proposición de ley;Proposición de ley de Grupos Parlamentarios del Congreso;"Proposición de Ley Orgánica por la que se modifica la Ley Orgánica 
3/2020, de 29 de diciembre, por la que se modifica la Ley Orgánica 
2/2006, de 3 de mayo, de Educación.";/Date(1750287600000)/;/Date(1750719600000)/;;;VOX;;"Pleno
Toma en consideración"
63;Proposición de ley;Proposición de ley de Grupos Parlamentarios del Congreso;"Proposición de Ley de modificación del Código Civil, para la 
protección de los menores tutelados en situación de desamparo.";/Date(1750719600000)/;/Date(1751929200000)/;;;VOX;;"Pleno
Toma en consideración"
64;Proposición de ley;Proposición de ley de Grupos Parlamentarios del Congreso;"Proposición de Ley para la protección del consumidor frente a la 
comercialización fraudulenta de carne sintética y harinas de insectos.";/Date(1750892400000)/;/Date(1751929200000)/;;;VOX;;"Pleno
Toma en consideración"
65;Proposición de ley;Proposición de ley de Grupos Parlamentarios del Congreso;"Proposición de Ley de medidas fiscales para combatir la especulación 
inmobiliaria.";/Date(1751324400000)/;/Date(1751929200000)/;;;Republicano;Retirado;Cerrado
66;Proposición de ley;Proposición de ley de Grupos Parlamentarios del Congreso;"Proposición de Ley de reforma de la Ley 31/1995, de 8 de noviembre, 
de prevención de riesgos laborales para la interrupción del trabajo por 
inclemencias meteorológicas.";/Date(1751929200000)/;/Date(1753138800000)/;;;Mixto;;"Pleno
Toma en consideración"
67;Proposición de ley;Proposición de ley de Grupos Parlamentarios del Congreso;Proposición de Ley para una Cultura que cuida.;/Date(1752534000000)/;/Date(1753138800000)/;;;Plurinacional SUMAR;;"Pleno
Toma en consideración"
68;Proposición de ley;Proposición de ley de Grupos Parlamentarios del Congreso;"Proposición de Ley sobre control y regulación de la publicidad y
contratación de los pisos turísticos.";/Date(1752793200000)/;/Date(1753138800000)/;;;Euskal Herria Bildu;;"Comisión de Vivienda y Agenda Urbana
Enmiendas"
69;Proposición de ley;Proposición de ley de Grupos Parlamentarios del Congreso;"Proposición de Ley para el impulso de la inclusión laboral de las
personas con discapacidad a través de la cuota de reserva de empleo en
las empresas.";/Date(1753225200000)/;/Date(1756162800000)/;;;Socialista;;"Comisión de Trabajo, Economía Social, Inclusión, Seguridad Social y Migraciones
Enmiendas"
70;Proposición de ley;Proposición de ley de Grupos Parlamentarios del Congreso;"Proposición de Ley de reconversión del Organismo Autónomo Agencia de 
Información y Control Alimentarios en la Agencia Estatal de Inspección de 
la Cadena Alimentaria.";/Date(1753657200000)/;/Date(1756162800000)/;;;Socialista;;"Pleno
Toma en consideración"
71;Proposición de ley;Proposición de ley de Grupos Parlamentarios del Congreso;"Proposición de Ley por la que se habilita la delegación de
competencias en materia de gestión del Impuesto sobre la Renta de las
Personas Físicas.";/Date(1758236400000)/;/Date(1758582000000)/;;;Republicano;;"Pleno
Toma en consideración"
72;Proposición de ley;Proposición de ley de Grupos Parlamentarios del Congreso;"Proposición de Ley de medidas fiscales para combatir la especulación
inmobiliaria.";/Date(1758236400000)/;/Date(1758582000000)/;;;Republicano;Rechazado;Cerrado
73;Proposición de ley;Proposición de ley de Grupos Parlamentarios del Congreso;"Proposición de Ley para la formalización de un Protocolo de
inspección de buques con origen o destino a Estados sobre los que
recaigan medidas judiciales, indicios o sospecha de perpetración de
delito de genocidio o crímenes de guerra.";/Date(1758841200000)/;/Date(1759791600000)/;;;Plurinacional SUMAR;;"Pleno
Toma en consideración"
74;Proposición de ley;Proposición de ley de Grupos Parlamentarios del Congreso;"Proposición de Ley para la regulación del voto telemático en las
sesiones de los órganos de gobierno de las Administraciones locales.";/Date(1759273200000)/;/Date(1759791600000)/;;;Socialista;;"Comisión de Política Territorial
Enmiendas"
75;Proposición de ley;Proposición de ley de Grupos Parlamentarios del Congreso;Proposición de Ley para la recuperación de la justicia universal.;/Date(1759359600000)/;/Date(1759791600000)/;;;"Álvaro Vidal, Francesc-Marc (GR) 
Vallugera Balañà, Pilar (GR)";Retirado;Cerrado
76;Proposición de ley;Proposición de ley de Grupos Parlamentarios del Congreso;"Proposición de Ley Orgánica para la recuperación de la justicia
universal.";/Date(1759446000000)/;/Date(1759791600000)/;;;Republicano;;"Pleno
Toma en consideración"
77;Proposición de ley;Proposición de ley de Grupos Parlamentarios del Congreso;"Proposición de Ley para la Reforma de medidas de protección social y 
reconocimiento de condiciones laborales especiales en sectores 
estratégicos con alta penosidad.";/Date(1759878000000)/;/Date(1760396400000)/;;;Plurinacional SUMAR;Retirado;Cerrado
78;Proposición de ley;Proposición de ley de Grupos Parlamentarios del Congreso;Proposición de Ley de defensa y protección de los símbolos oficiales.;/Date(1760050800000)/;/Date(1760396400000)/;;;Popular en el Congreso;;"Pleno
Toma en consideración"
79;Proposición de ley;Proposición de ley de Grupos Parlamentarios del Congreso;"Proposición de Ley sobre el buen uso de las zonas de estacionamiento
reservadas a las personas con discapacidad.";/Date(1760050800000)/;/Date(1760396400000)/;;;Socialista;;"Comisión de Interior
Enmiendas"
80;Proposición de ley;Proposición de ley de Grupos Parlamentarios del Congreso;"Proposición de Ley Orgánica de modificación de la Ley Orgánica
10/1995, de 23 de noviembre, del Código Penal, para la ampliación de los
supuestos en los que se prevé la imposición de la pena de prisión
permanente revisable.";/Date(1760742000000)/;/Date(1761001200000)/;;;Popular en el Congreso y Mixto;;"Pleno
Toma en consideración"
81;Proposición de ley;Proposición de ley de Grupos Parlamentarios del Congreso;"Proposición de Ley para la reforma de medidas de protección social y 
reconocimiento de condiciones laborales especiales en sectores 
estratégicos con alta penosidad.";/Date(1761087600000)/;/Date(1761609600000)/;;;Plurinacional SUMAR;;"Gobierno
Contestación"
82;Proposición de ley;Proposición de ley de Grupos Parlamentarios del Congreso;"Proposición de Ley relativa a la obtención de la nacionalidad 
española por residencia y la conservación de la nacionalidad de origen.";/Date(1761174000000)/;/Date(1761609600000)/;;;Plurinacional SUMAR;Retirado;Cerrado
83;Proposición de ley;Proposición de ley de Grupos Parlamentarios del Congreso;"Proposición de Ley Orgánica de modificación de la Ley Orgánica 
6/1985, de 1 de julio, del Poder Judicial, para el cambio del modelo de 
elección de los vocales del Consejo General del Poder Judicial.";/Date(1761260400000)/;/Date(1761609600000)/;;;Popular en el Congreso;;"Gobierno
Contestación"
84;Proposición de ley;Proposición de ley de Grupos Parlamentarios del Congreso;"Proposición de Ley relativa a la obtención de la nacionalidad
española por residencia y la conservación de la nacionalidad de origen.";/Date(1761523200000)/;/Date(1762819200000)/;;;Plurinacional SUMAR;;"Gobierno
Contestación"
85;Proposición de ley;Proposición de ley de Grupos Parlamentarios del Congreso;"Proposición de Ley Orgánica de garantía y protección de los derechos
fundamentales frente al acoso derivado de acciones judiciales abusivas.";/Date(1761609600000)/;/Date(1762819200000)/;;;Socialista;;"Gobierno
Contestación"
86;Proposición de ley;Proposición de ley de Grupos Parlamentarios del Congreso;"Proposición de Ley relativa a revocar la implantación obligatoria de
las Zonas de Bajas Emisiones y derogar la tasa de residuos.";/Date(1761609600000)/;/Date(1762819200000)/;;;VOX;;"Gobierno
Contestación"
87;Proposición de ley;Proposición de ley de Grupos Parlamentarios del Congreso;"Proposición de Ley sobre programa de cribado neonatal del Sistema
Nacional de Salud.";/Date(1762387200000)/;/Date(1762819200000)/;;;Socialista;;"Mesa del Congreso
Acuerdo subsiguiente a la toma en consideración"
88;Proposición de ley;Proposición de ley de Grupos Parlamentarios del Congreso;"Proposición de Ley sobre la evaluación del impacto en el ámbito de la
juventud de las políticas públicas.";/Date(1762387200000)/;/Date(1762819200000)/;;;Socialista;;"Gobierno
Contestación"
89;Proposición de ley;Proposición de ley de Grupos Parlamentarios del Congreso;"Proposición de Ley para garantizar el poder adquisitivo de las
pensiones públicas.";/Date(1762473600000)/;/Date(1762819200000)/;;;Popular en el Congreso;;"Gobierno
Contestación"
90;Proposición de ley;Proposición de ley de Grupos Parlamentarios del Congreso;"Proposición de Ley de nacionalización de Repsol y de su reconversión
en una empresa pública al servicio de una transición energética verde y
justa.";/Date(1762732800000)/;/Date(1763424000000)/;;;Mixto;;"Gobierno
Contestación"
91;Proposición de ley;Proposición de ley de Grupos Parlamentarios del Congreso;"Proposición de Ley Orgánica para la protección de la dignidad de las
mujeres y la seguridad ciudadana en el espacio público.";/Date(1762819200000)/;/Date(1763424000000)/;;;VOX;;"Gobierno
Contestación"
92;Proposición de ley;Proposición de ley de Grupos Parlamentarios del Congreso;"Proposición de Ley Orgánica para la transferencia de competencias en
materia de aeropuertos de interés general a la Comunidad Autónoma de
Galicia.";/Date(1762992000000)/;/Date(1763424000000)/;;;Mixto;;"Gobierno
Contestación"
93;Proposición de ley;Proposición de ley de Grupos Parlamentarios del Congreso;"Proposición de Ley sobre el carácter vinculante de las decisiones del
Comité Europeo de Derechos Sociales y su obligada ejecución por parte del
Estado español.";/Date(1763078400000)/;/Date(1763424000000)/;;;Mixto;;"Gobierno
Contestación"
94;Proposición de ley;Proposición de ley de Grupos Parlamentarios del Congreso;"Proposición de Ley de modificación de la Ley 49/1960, de 21 de julio,
sobre propiedad horizontal.";/Date(1763078400000)/;/Date(1763424000000)/;;;Popular en el Congreso;;"Gobierno
Contestación"
95;Proposición de ley;Proposición de ley de Grupos Parlamentarios del Congreso;"Proposición de Ley para garantizar el cumplimiento de la Ley 47/2003,
de 26 de noviembre, General Presupuestaria.";/Date(1763164800000)/;/Date(1763424000000)/;;;Popular en el Congreso;;"Gobierno
Contestación"
96;Proposición de ley;Proposición de ley de Grupos Parlamentarios del Congreso;"Proposición de Ley por la que se regula el ejercicio profesional de
la criminología.";/Date(1763510400000)/;/Date(1764028800000)/;;;Plurinacional SUMAR;;"Gobierno
Contestación"
97;Proposición de ley;Proposición de ley de Diputados;"Proposición de Ley Orgánica de garantía del plurilingüismo y de los
derechos lingüísticos de la ciudadanía ante las instituciones del Estado.";/Date(1763510400000)/;/Date(1764028800000)/;;;"Rufián Romero, Gabriel (GR) 
Álvaro Vidal, Francesc-Marc (GR) 
Estrems Fayos, Etna (GR) 
Granollers Cunillera, Inés (GR) 
Jordà i Roura, Teresa (GR) 
Salvador i Duch, Jordi (GR) 
Vallugera Balañà, Pilar (GR) 
Aizpurua Arzallus, Mertxe (GEH Bildu) 
Fullaondo la Cruz, Marije (GEH Bildu) 
Iñarritu García, Jon (GEH Bildu) 
Matute García de Jalón, Oskar (GEH Bildu) 
Otero Gabirondo, Mikel (GEH Bildu) 
Pozueta Fernández, Isabel (GEH Bildu) 
Agirretxea Urresti, Joseba Andoni (GV (EAJ-PNV)) 
Legarda Uriarte, Mikel (GV (EAJ-PNV)) 
Renteria Lasanta, Nerea (GV (EAJ-PNV)) 
Sagastizabal Unzetabarrenetxea, Idoia (GV (EAJ-PNV)) 
Vaquero Montero, Maribel (GV (EAJ-PNV)) 
Rego Candamil, Néstor (GMx) 
Micó Micó, Àgueda (GMx) 
Ibáñez Mezquita, Alberto (GSUMAR) 
Vidal Matas, Vicenç (GSUMAR) 
López Tagliafico, Candela (GSUMAR) 
Vidal Sáez, Aina (GSUMAR) ";;"Pleno
Toma en consideración"
98;Proposición de ley;Proposición de ley del Senado;"Proposición de Ley de modificación de la Ley 49/1960, de 21 de julio,
sobre propiedad horizontal.";/Date(1739491200000)/;/Date(1739836800000)/;;;Senado;;"Comisión de Justicia
Enmiendas"
99;Proposición de ley;Proposición de ley del Senado;"Proposición de Ley de modificación de la Ley 7/2022, de 8 de abril,
de residuos y suelos contaminados para una economía circular.";/Date(1740614400000)/;/Date(1741651200000)/;;;Senado;;"Comisión de Hacienda y Función Pública
Enmiendas"
100;Proposición de ley;Proposición de ley del Senado;"Proposición de Ley de modificación de la Ley 50/1981, de 30 de
diciembre, por la que se regula el Estatuto Orgánico del Ministerio
Fiscal.";/Date(1741910400000)/;/Date(1742256000000)/;;;Senado;;"Comisión de Justicia
Enmiendas"
101;Proposición de ley;Proposición de ley del Senado;"Proposición de Ley de medidas administrativas y procesales para la
seguridad jurídica de la ordenación territorial y urbanística, el impulso
de desarrollo urbano y la vivienda.";/Date(1742515200000)/;/Date(1743120000000)/;;;Senado;;"Comisión de Vivienda y Agenda Urbana
Enmiendas"
102;Proposición de ley;Proposición de ley del Senado;Proposición de Ley relativa a la violencia en el ámbito sanitario.;/Date(1743120000000)/;/Date(1744066800000)/;;;Senado;;"Comisión de Sanidad
Enmiendas"
103;Proposición de ley;Proposición de ley del Senado;"Proposición de Ley para ajustar el límite exento del impuesto sobre
la renta de las personas físicas (IRPF) al salario mínimo
interprofesional (SMI).";/Date(1744585200000)/;/Date(1746486000000)/;;;Senado;;"Comisión de Hacienda y Función Pública
Enmiendas"
104;Proposición de ley;Proposición de ley del Senado;"Proposición de Ley de modificación de la Ley 39/2007, de 19 de
noviembre, de la carrera militar.";/Date(1744585200000)/;/Date(1746486000000)/;;;Senado;;"Comisión de Defensa
Enmiendas"
105;Proposición de ley;Proposición de ley del Senado;"Proposición de Ley por la que se reforma la fiscalidad del sector
primario.";/Date(1745449200000)/;/Date(1746486000000)/;;;Senado;;"Comisión de Hacienda y Función Pública
Enmiendas"
106;Proposición de ley;Proposición de ley del Senado;"Proposición de Ley Orgánica para garantizar el funcionamiento de las
secciones de los tribunales de instancia y de las audiencias provinciales
en materia de violencia sobre la mujer, así como la especialización de
los jueces y magistrados destinados en ellas.";/Date(1746745200000)/;/Date(1747090800000)/;;;Senado;;"Comisión de Justicia
Enmiendas"
107;Proposición de ley;Proposición de ley del Senado;"Proposición de Ley de modificación de la Ley 29/2011, de 22 de
septiembre, de Reconocimiento y Protección Integral a las Víctimas del
Terrorismo.";/Date(1747954800000)/;/Date(1748300400000)/;;;Senado;;"Comisión de Interior
Enmiendas"
108;Proposición de ley;Proposición de ley del Senado;"Proposición de Ley Orgánica complementaria de la Proposición de Ley
de modificación de la Ley 29/2011, de 22 de septiembre, de Reconocimiento
y Protección Integral a las Víctimas del Terrorismo.";/Date(1747954800000)/;/Date(1748300400000)/;;;Senado;;"Comisión de Interior
Enmiendas"
109;Proposición de ley;Proposición de ley del Senado;"Proposición de Ley Orgánica de modificación de la Ley Orgánica
5/1985, de 19 de junio, del Régimen Electoral General, relativa a las
causas de inelegibilidad.";/Date(1747954800000)/;/Date(1748300400000)/;;;Senado;;"Comisión Constitucional
Enmiendas"
110;Proposición de ley;Proposición de ley del Senado;Proposición de Ley del Mecanismo Rural de Garantía.;/Date(1748559600000)/;/Date(1749510000000)/;;;Senado;;"Comisión de Transición Ecológica y Reto Demográfico
Enmiendas"
111;Proposición de ley;Proposición de ley del Senado;Proposición de Ley de Conciliación y Corresponsabilidad Familiar.;/Date(1748559600000)/;/Date(1749510000000)/;;;Senado;;"Comisión de Igualdad
Enmiendas"
112;Proposición de ley;Proposición de ley del Senado;"Proposición de Ley de modificación del Real Decreto Legislativo
8/2015, de 30 de octubre, por el que se aprueba el texto refundido de la
Ley General de la Seguridad Social, con el objeto de incluir a los
miembros de las Fuerzas Armadas dentro de los colectivos que gozan de
coeficiente reductor de la edad de jubilación debido a la peligrosidad de
su trabajo.";/Date(1750374000000)/;/Date(1750719600000)/;;;Senado;;"Comisión de Trabajo, Economía Social, Inclusión, Seguridad Social y Migraciones
Enmiendas"
113;Proposición de ley;Proposición de ley del Senado;"Proposición de Ley para la rebaja de la presión fiscal a las pymes y
los autónomos.";/Date(1750374000000)/;/Date(1750719600000)/;;;Senado;;"Comisión de Hacienda y Función Pública
Enmiendas"
114;Proposición de ley;Proposición de ley del Senado;"Proposición de Ley en apoyo del sistema alimentario español como
sector estratégico esencial de la economía.";/Date(1757977200000)/;/Date(1758582000000)/;;;Senado;;"Comisión de Agricultura, Pesca y Alimentación
Enmiendas"
115;Proposición de ley;Proposición de ley del Senado;"Proposición de Ley Orgánica de modificación del artículo 578 de la
Ley Orgánica 10/1995, de 23 de noviembre, del Código Penal.";/Date(1758150000000)/;/Date(1758582000000)/;;;Senado;;"Comisión de Justicia
Enmiendas"
116;Proposición de ley;Proposición de ley del Senado;"Proposición de Ley para la modificación del artículo 92 bis de la Ley
7/1985, de 2 de abril, Reguladora de las Bases del Régimen Local.";/Date(1759359600000)/;/Date(1759791600000)/;;;Senado;;"Comisión de Hacienda y Función Pública
Enmiendas"
117;Proposición de ley;Proposición de ley del Senado;"Proposición de Ley para garantizar la representación internacional de
las federaciones deportivas españolas en las actividades y competiciones
de carácter internacional.";/Date(1760050800000)/;/Date(1760396400000)/;;;Senado;;"Comisión de Educación, Formación Profesional y Deportes
Enmiendas"
118;Proposición de ley;Proposición de ley del Senado;"Proposición de Ley Orgánica de modificación de la Ley Orgánica
10/1995, de 23 de noviembre, del Código Penal, en materia de
multirreincidencia en los delitos de hurto y estafa.";/Date(1762473600000)/;/Date(1763424000000)/;;;Senado;;"Comisión de Justicia
Enmiendas"
119;Proposición de ley;Proposición de ley del Senado;"Proposición de Ley Orgánica de modificación de la Ley Orgánica
4/2000, de 11 de enero, sobre derechos y libertades de los extranjeros en
España y su integración social, para restringir la regularización de
inmigrantes ilegales a través del arraigo.";/Date(1763683200000)/;/Date(1764028800000)/;;;Senado;;"Comisión de Trabajo, Economía Social, Inclusión, Seguridad Social y Migraciones
Enmiendas"
120;Proposición de ley;Proposición de ley del Senado;"Proposición de Ley Orgánica de modificación de la Ley Orgánica
10/1995, de 23 de noviembre, del Código Penal.";/Date(1763683200000)/;/Date(1764028800000)/;;;Senado;;"Comisión de Justicia
Enmiendas"
121;Proposición de ley;Proposición de ley de Comunidades y Ciudades Autónomas;"Proposición de Ley de modificación de la Ley 35/2006, de 28 de 
noviembre, del Impuesto sobre la Renta de las Personas Físicas y de 
modificación parcial de las leyes de los Impuestos sobre Sociedades, 
sobre la Renta de no Residentes y sobre el Patrimonio.";/Date(1751842800000)/;/Date(1753138800000)/;;;Comunidad Autónoma del Principado de Asturias - Junta General;Decaído;Cerrado
122;Proposición de ley;Proposición de ley de Comunidades y Ciudades Autónomas;"Proposición de Ley de modificación de la disposición adicional sexta 
de la Ley 54/1997, de 27 de noviembre, del Sector Eléctrico.";/Date(1753225200000)/;/Date(1756162800000)/;;;Comunidad Autónoma de Extremadura - Asamblea;Decaído;Cerrado
123;Propuesta de reforma de Estatuto de Autonomía;;"Propuesta de reforma del Estatuto de Autonomía para Castilla-La
Mancha.";/Date(1749596400000)/;/Date(1750114800000)/;;;Comunidad Autónoma de Castilla-La Mancha - Cortes;;"Comisión Constitucional
Enmiendas"
124;Proyecto de ley;;"Proyecto de Ley para la mejora de la compatibilidad de la pensión de
jubilación con el trabajo (procedente del Real Decreto-ley 11/2024, de 23
de diciembre).";/Date(1737504000000)/;/Date(1738627200000)/;;;Gobierno;;"Comisión de Trabajo, Eco. Social, Inclusión, S.Social y Migraciones
Enmiendas"
125;Proyecto de ley;;"Proyecto de Ley de transparencia e integridad de las actividades de
los grupos de interés.";/Date(1738195200000)/;/Date(1738627200000)/;;;Gobierno;;"Comisión de Hacienda y Función Pública
Informe"
126;Proyecto de ley;;"Proyecto de Ley por la que se aprueban medidas urgentes en materia
económica, de transporte, de Seguridad Social, y para hacer frente a
situaciones de vulnerabilidad (procedente del Real Decreto-ley 1/2025, de
28 de enero).";/Date(1739318400000)/;/Date(1739836800000)/;;;Gobierno;;"Comisión de Hacienda y Función Pública
Enmiendas"
127;Proyecto de ley;;"Proyecto de Ley de acciones colectivas para la protección y defensa
de los derechos e intereses de los consumidores y usuarios.";/Date(1740614400000)/;/Date(1741651200000)/;;;Gobierno;;"Comisión de Justicia
Enmiendas"
128;Proyecto de ley;;"Proyecto de Ley de administradores y compradores de créditos y por la
que se modifican la Ley de Medidas de Reforma del Sistema Financiero, la
Ley de contratos de crédito al consumo, la Ley de ordenación, supervisión
y solvencia de entidades de crédito, la Ley reguladora de los contratos
de crédito inmobiliario, y el texto refundido de la Ley Concursal.";/Date(1741132800000)/;/Date(1741651200000)/;;;Gobierno;;"Comisión de Economía, Comercio y Transformación Digital
Enmiendas"
129;Proyecto de ley;;"Proyecto de Ley de prevención del consumo de bebidas alcohólicas y de
sus efectos en las personas menores de edad.";/Date(1741737600000)/;/Date(1742256000000)/;;;Gobierno;;"Comisión de Sanidad
Enmiendas"
130;Proyecto de ley;;"Proyecto de Ley por la que se modifica la Ley 12/2002, de 23 de mayo, 
por la que se aprueba el Concierto Económico con la Comunidad Autónoma 
del País Vasco.";/Date(1741737600000)/;/Date(1742256000000)/;;;Gobierno;Aprobado;Cerrado
131;Proyecto de ley;;"Proyecto de Ley Orgánica para la protección de las personas menores
de edad en los entornos digitales.";/Date(1743033600000)/;/Date(1744066800000)/;;;Gobierno;;"Comisión de Justicia
Informe"
132;Proyecto de ley;;"Proyecto de Ley Orgánica por la que se autoriza la ratificación de
cuatro enmiendas al artículo 8.2 del Estatuto de Roma de la Corte Penal
Internacional.";/Date(1743721200000)/;/Date(1744066800000)/;;;Gobierno;Aprobado;Cerrado
133;Proyecto de ley;;"Proyecto de Ley por la que se crea la Agencia Estatal de Salud 
Pública y se modifica la Ley 33/2011, de 4 de octubre, General de Salud 
Pública.";/Date(1744153200000)/;/Date(1746486000000)/;;;Gobierno;Aprobado;Cerrado
134;Proyecto de ley;;"Proyecto de Ley por la que se aprueban medidas urgentes para la
garantía del interés superior de la infancia y adolescencia ante
situaciones de contingencias migratorias extraordinarias (procedente del
Real Decreto-ley 2/2025, de 18 de marzo).";/Date(1744239600000)/;/Date(1746486000000)/;;;Gobierno;;"Comisión de Juventud e Infancia
Enmiendas"
135;Proyecto de ley;;"Proyecto de Ley por la que se establece el programa de incentivos
ligados a la movilidad eléctrica (MOVES III) para el año 2025 (procedente
del Real Decreto-ley 3/2025, de 1 de abril).";/Date(1744239600000)/;/Date(1746486000000)/;;;Gobierno;;"Comisión de Transición Ecológica y Reto Demográfico
Enmiendas"
136;Proyecto de ley;;"Proyecto de Ley de medidas urgentes de respuesta a la amenaza
arancelaria y de relanzamiento comercial (procedente del Real Decreto-ley
4/2025, de 8 de abril).";/Date(1746658800000)/;/Date(1747090800000)/;;;Gobierno;;"Comisión de Economía, Comercio y Transformación Digital
Enmiendas"
137;Proyecto de ley;;"Proyecto de Ley para la reducción de la duración máxima de la jornada 
ordinaria de trabajo y la garantía del registro de jornada y el derecho a 
la desconexión.";/Date(1746745200000)/;/Date(1747090800000)/;;;Gobierno;Rechazado;Cerrado
138;Proyecto de ley;;"Proyecto de Ley Orgánica por la que se modifica la Ley Orgánica 
6/1985, de 1 de julio, del Poder Judicial, y la Ley 50/1981, de 30 de 
diciembre, por la que se regula el Estatuto Orgánico del Ministerio 
Fiscal, para la ampliación y fortalecimiento de las carreras judicial y 
fiscal.";/Date(1747350000000)/;/Date(1747695600000)/;;;Gobierno;;"Comisión de Justicia 
Informe"
139;Proyecto de ley;;"Proyecto de Ley por la que se modifican la Ley 58/2003, de 17 de
diciembre, General Tributaria, en materia de prescripción, recaudación,
asistencia mutua y obligaciones de información; la Ley 35/2006, de 28 de
noviembre, del Impuesto sobre la Renta de las Personas Físicas y de
modificación parcial de las leyes de los Impuestos sobre Sociedades,
sobre la Renta de no Residentes y sobre el Patrimonio, y la Ley 29/1987,
de 18 de diciembre, del Impuesto sobre Sucesiones y Donaciones.";/Date(1749078000000)/;/Date(1749510000000)/;;;Gobierno;;"Comisión de Hacienda y Función Pública
Informe"
140;Proyecto de ley;;"Proyecto de Ley por la que se modifica la Ley 28/1990, de 26 de 
diciembre, por la que se aprueba el Convenio Económico entre el Estado y 
la Comunidad Foral de Navarra.";/Date(1749078000000)/;/Date(1749510000000)/;;;Gobierno;Aprobado;Cerrado
141;Proyecto de ley;;"Proyecto de Ley de medidas de promoción del uso del transporte
público colectivo por parte de la juventud para los viajes realizados en
el periodo estival de 2025 (procedente del Real Decreto-ley 5/2025, de 10
de junio).";/Date(1750892400000)/;/Date(1751929200000)/;;;Gobierno;;"Comisión de Transportes y Movilidad Sostenible
Enmiendas"
142;Proyecto de ley;;"Proyecto de Ley Orgánica por la que se modifica la Ley Orgánica
5/1985, de 19 de junio, del Régimen Electoral General.";/Date(1752015600000)/;/Date(1753138800000)/;;;Gobierno;;"Comisión Constitucional
Enmiendas"
143;Proyecto de ley;;"Proyecto de Ley por la que se modifican el Texto Refundido de la Ley
General de derechos de las personas con discapacidad y de su inclusión
social, aprobado por el Real Decreto Legislativo 1/2013, de 29 de
noviembre, y la Ley 39/2006, de 14 de diciembre, de Promoción de la
Autonomía Personal y Atención a las personas en situación de dependencia,
para la extensión y refuerzo de los derechos de las personas con
discapacidad a la inclusión, la autonomía y la accesibilidad universal
conforme al artículo 49 de la Constitución Española.";/Date(1752706800000)/;/Date(1753138800000)/;;;Gobierno;;"Comisión de Derechos Sociales y Consumo
Enmiendas
Comisión de Derechos Sociales y Consumo
Debate de totalidad"
144;Proyecto de ley;;"Proyecto de Ley por la que se adoptan medidas relativas a los
recursos de los sistemas de financiación territorial (procedente del Real
Decreto-ley 6/2025, de 17 de junio).";/Date(1753138800000)/;/Date(1756767600000)/;;;Gobierno;;"Comisión de Hacienda y Función Pública
Enmiendas"
145;Proyecto de ley;;"Proyecto de Ley por la que se declaran diversas iniciativas y
programas como acontecimientos de excepcional interés público (procedente
del Real Decreto-ley 8/2025, de 8 de julio).";/Date(1753138800000)/;/Date(1756767600000)/;;;Gobierno;;"Comisión de Cultura
Enmiendas"
146;Proyecto de ley;;Proyecto de Ley de Información Clasificada.;/Date(1753225200000)/;/Date(1756162800000)/;;;Gobierno;;"Comisión Constitucional
Enmiendas"
147;Proyecto de ley;;"Proyecto de Ley por la que se modifican diversas disposiciones
legales para la mejora de la gobernanza democrática en servicios
digitales y ordenación de los medios de comunicación.";/Date(1753830000000)/;/Date(1756162800000)/;;;Gobierno;;"Comisión de Economía, Comercio y Transformación Digital
Enmiendas"
148;Proyecto de ley;;"Proyecto de Ley por la que se amplía el permiso de nacimiento y
cuidado, mediante la modificación del texto refundido de la Ley del
Estatuto de los Trabajadores, aprobado por el Real Decreto Legislativo
2/2015, de 23 de octubre, el texto refundido de la Ley del Estatuto
Básico del Empleado Público, aprobado por el Real Decreto Legislativo
5/2015, de 30 de octubre, y el texto refundido de la Ley General de la
Seguridad Social, aprobado por el Real Decreto Legislativo 8/2015, de 30
de octubre, para completar la transposición de la Directiva (UE)
2019/1158 del Parlamento Europeo y del Consejo, de 20 de junio de 2019,
relativa a la conciliación de la vida familiar y la vida profesional de
los progenitores y los cuidadores, y por la que se deroga la Directiva
2010/18/UE del Consejo (procedente del Real Decreto-ley 9/2025, de 29 de
julio).";/Date(1757372400000)/;/Date(1757977200000)/;;;Gobierno;;"Comisión de Trabajo, Economía Social, Inclusión, Seguridad Social y Migraciones
Enmiendas"
149;Proyecto de ley;;"Proyecto de Ley por la que se adoptan medidas urgentes contra el
genocidio en Gaza y de apoyo a la población palestina (procedente del
Real Decreto-ley 10/2025, de 23 de septiembre).";/Date(1759878000000)/;/Date(1760396400000)/;;;Gobierno;;"Comisión de Economía, Comercio y Transformación Digital
Enmiendas"
150;Proyecto de ley;;"Proyecto de Ley de modificación parcial de la Ley 39/2015, de 1 de
octubre, del Procedimiento Administrativo Común de las Administraciones
Públicas, y de la Ley 40/2015, de 1 de octubre, de Régimen Jurídico del
Sector Público, en materia de responsabilidad patrimonial del Estado
legislador por daños derivados de la infracción del Derecho de la Unión
Europea.";/Date(1759964400000)/;/Date(1760396400000)/;;;Gobierno;;"Comisión de Hacienda y Función Pública
Enmiendas"
151;Proyecto de ley;;"Proyecto de Ley Orgánica por la que se modifica la Ley Orgánica
10/1995, de 23 de noviembre, del Código Penal, para la transposición de
la Directiva (UE) 2024/1226 del Parlamento Europeo y del Consejo, de 24
de abril de 2024, relativa a la definición de los delitos y las sanciones
por la vulneración de las medidas restrictivas de la Unión, y por la que
se modifica la Directiva (UE) 2018/1673.";/Date(1761174000000)/;/Date(1761609600000)/;;;Gobierno;;"Comisión de Justicia
Enmiendas"
152;Proyecto de ley;;"Proyecto de Ley de control, inspección y régimen sancionador de la
pesca marítima.";/Date(1761174000000)/;/Date(1761609600000)/;;;Gobierno;;"Comisión de Agricultura, Pesca y Alimentación
Enmiendas"
153;Proyecto de ley;;Proyecto de Ley Orgánica de Enjuiciamiento Criminal.;/Date(1761782400000)/;/Date(1762819200000)/;;;Gobierno;;"Comisión de Justicia
Enmiendas"
154;Proyecto de ley;;"Proyecto de Ley por la que se modifican los criterios de tamaño de
las empresas a efectos de información financiera.";/Date(1762560000000)/;/Date(1763424000000)/;;;Gobierno;;"Comisión de Economía, Comercio y Transformación Digital
Enmiendas"
155;Proyecto de ley;;"Proyecto de Ley por la que se establecen medidas para el
fortalecimiento del Sistema para la Autonomía y Atención a la Dependencia
y cumplir con las obligaciones establecidas en la Ley 3/2024, de 30 de
octubre, para mejorar la calidad de vida de las personas con Esclerosis
Lateral Amiotrófica y otras enfermedades o procesos de alta complejidad y
curso irreversible (procedente del Real Decreto-ley 11/2025, de 21 de
octubre).";/Date(1763510400000)/;/Date(1764028800000)/;;;Gobierno;;"Comisión de Derechos Sociales y Consumo
Enmiendas"
156;Reales decretos;;Resolución de 22 de enero de 2025, del Congreso de los Diputados, por la que se ordena la publicación del Acuerdo de convalidación del Real Decreto-ley 11/2024, de 23 de diciembre, para la mejora de la compatibilidad de la pensión de jubilación con el trabajo.;;;23/01/2025;23/12/2024;;Aprobado;
157;Reales decretos;;Resolución de 22 de enero de 2025, del Congreso de los Diputados, por la que se ordena la publicación del Acuerdo de derogación del Real Decreto-ley 10/2024, de 23 de diciembre, para el establecimiento de un gravamen temporal energético durante el año 2025.;;;23/01/2025;23/12/2024;;Aprobado;
158;Reales decretos;;Corrección de errores del Real Decreto-ley 9/2024, de 23 de diciembre, por el que se adoptan medidas urgentes en materia económica, tributaria, de transporte y de Seguridad Social, y se prorrogan determinadas medidas para hacer frente a situaciones de vulnerabilidad social.;;;22/01/2025;23/12/2024;;Aprobado;
159;Reales decretos;;Resolución de 22 de enero de 2025, del Congreso de los Diputados, por la que se ordena la publicación del Acuerdo de derogación del Real Decreto-ley 9/2024, de 23 de diciembre, por el que se adoptan medidas urgentes en materia económica, tributaria, de transporte, y de Seguridad Social, y se prorrogan determinadas medidas para hacer frente a situaciones de vulnerabilidad social.;;;23/01/2025;23/12/2024;;Aprobado;
160;Leyes organicas;;Corrección de errores de la Ley Orgánica 1/2025, de 2 de enero, de medidas en materia de eficiencia del Servicio Público de Justicia.;;;11/01/2025;02/01/2025;;Aprobado;
161;Leyes organicas;;Ley Orgánica 1/2025, de 2 de enero, de medidas en materia de eficiencia del Servicio Público de Justicia.;;;03/01/2025;02/01/2025;;Aprobado;
162;Reales decretos;;Resolución de 12 de febrero de 2025, del Congreso de los Diputados, por la que se ordena la publicación del Acuerdo de convalidación del Real Decreto-ley 1/2025, de 28 de enero, por el que se aprueban medidas urgentes en materia económica, de transporte, de Seguridad Social, y para hacer frente a situaciones de vulnerabilidad;;;15/02/2025;28/01/2025;;Aprobado;
163;Reales decretos;;Real Decreto-ley 1/2025, de 28 de enero, por el que se aprueban medidas urgentes en materia económica, de transporte, de Seguridad Social, y para hacer frente a situaciones de vulnerabilidad.;;;29/01/2025;28/01/2025;;Aprobado;
164;Reales decretos;;Real Decreto-ley 2/2025, de 18 de marzo, por el que se aprueban medidas urgentes para la garantía del interés superior de la infancia y la adolescencia ante situaciones de contingencias migratorias extraordinarias.;;;19/03/2025;18/03/2025;;Aprobado;
165;Reales decretos;;Resolución de 10 de abril de 2025, del Congreso de los Diputados, por la que se ordena la publicación del Acuerdo de convalidación del Real Decreto-ley 2/2025, de 18 de marzo, por el que se aprueban medidas urgentes para la garantía del interés superior de la infancia y adolescencia ante situaciones de contingencias migratorias extraordinarias.;;;12/04/2025;18/03/2025;;Aprobado;
166;Leyes;;Ley 1/2025, de 1 de abril, de prevención de las pérdidas y el desperdicio alimentario.;;;02/04/2025;01/04/2025;;Aprobado;
167;Reales decretos;;Resolución de 10 de abril de 2025, del Congreso de los Diputados, por la que se ordena la publicación del Acuerdo de convalidación del Real Decreto-ley 3/2025, de 1 de abril, por el que se establece el programa de incentivos ligados a la movilidad eléctrica (MOVES III) para el año 2025.;;;12/04/2025;01/04/2025;;Aprobado;
168;Reales decretos;;Real Decreto-ley 3/2025, de 1 de abril, por el que se establece el programa de incentivos ligados a la movilidad eléctrica (MOVES III) para el año 2025.;;;01/04/2025;01/04/2025;;Aprobado;
169;Reales decretos;;Corrección de errores del Real Decreto-ley 3/2025, de 1 de abril, por el que se establece el programa de incentivos ligados a la movilidad eléctrica (MOVES III) para el año 2025.;;;09/04/2025;01/04/2025;;Aprobado;
170;Reales decretos;;Resolución de 8 de mayo de 2025, del Congreso de los Diputados, por la que se ordena la publicación del Acuerdo de convalidación del Real Decreto-ley 4/2025, de 8 de abril, de medidas urgentes de respuesta a la amenaza arancelaria y de relanzamiento comercial.;;;10/05/2025;08/04/2025;;Aprobado;
171;Reales decretos;;Real Decreto-ley 4/2025, de 8 de abril, de medidas urgentes de respuesta a la amenaza arancelaria y de relanzamiento comercial.;;;09/04/2025;08/04/2025;;Aprobado;
172;Leyes;;Ley 3/2025, de 29 de abril, por la que se modifica la Ley 12/2002, de 23 de mayo, por la que se aprueba el Concierto Económico con la Comunidad Autónoma del País Vasco.;;;30/04/2025;29/04/2025;;Aprobado;
173;Leyes;;Ley 2/2025, de 29 de abril, por la que se modifican el texto refundido de la Ley del Estatuto de los Trabajadores, aprobado por el Real Decreto Legislativo 2/2015, de 23 de octubre, en materia de extinción del contrato de trabajo por incapacidad permanente de las personas trabajadoras, y el texto refundido de la Ley General de la Seguridad Social, aprobado por el Real Decreto Legislativo 8/2015, de 30 de octubre, en materia de incapacidad permanente.;;;30/04/2025;29/04/2025;;Aprobado;
174;Leyes organicas;;Ley Orgánica 2/2025, de 3 de junio, por la que se autoriza la ratificación de cuatro enmiendas al artículo 8.2 del Estatuto de Roma de la Corte Penal Internacional.;;;04/06/2025;03/06/2025;;Aprobado;
175;Reales decretos;;Corrección de errores del Real Decreto-ley 5/2025, de 10 de junio, de medidas de promoción del uso del transporte público colectivo por parte de la juventud para los viajes realizados en el periodo estival de 2025.;;;25/06/2025;10/06/2025;;Aprobado;
176;Reales decretos;;Real Decreto-ley 5/2025, de 10 de junio, de medidas de promoción del uso del transporte público colectivo por parte de la juventud para los viajes realizados en el periodo estival de 2025.;;;11/06/2025;10/06/2025;;Aprobado;
177;Reales decretos;;Resolución de 26 de junio de 2025, del Congreso de los Diputados, por la que se ordena la publicación del Acuerdo de convalidación del Real Decreto-ley 5/2025, de 10 de junio, de medidas de promoción del uso del transporte público colectivo por parte de la juventud para los viajes realizados en el periodo estival de 2025.;;;01/07/2025;10/06/2025;;Aprobado;
178;Reales decretos;;Resolución de 22 de julio de 2025, del Congreso de los Diputados, por la que se ordena la publicación del Acuerdo de convalidación del Real Decreto-ley 6/2025, de 17 de junio, por el que se adoptan medidas relativas a los recursos de los sistemas de financiación territorial.;;;24/07/2025;17/06/2025;;Aprobado;
179;Reales decretos;;Real Decreto-ley 6/2025, de 17 de junio, por el que se adoptan medidas relativas a los recursos de los sistemas de financiación territorial.;;;18/06/2025;17/06/2025;;Aprobado;
180;Reales decretos;;Real Decreto-ley 7/2025, de 24 de junio, por el que se aprueban medidas urgentes para el refuerzo del sistema eléctrico.;;;25/06/2025;24/06/2025;;Aprobado;
181;Reales decretos;;Resolución de 22 de julio de 2025, del Congreso de los Diputados, por la que se ordena la publicación del Acuerdo de derogación del Real Decreto-ley 7/2025, de 24 de junio, por el que se aprueban medidas urgentes para el refuerzo del sistema eléctrico.;;;24/07/2025;24/06/2025;;Aprobado;
182;Leyes organicas;;Ley Orgánica 3/2025, de 27 de junio, por la que se modifica la Ley Orgánica 1/2002, de 22 de marzo, reguladora del derecho de asociación.;;;28/06/2025;27/06/2025;;Aprobado;
183;Reales decretos;;Real Decreto-ley 8/2025, de 8 de julio, por el que se declaran diversas iniciativas y programas como acontecimientos de excepcional interés público.;;;09/07/2025;08/07/2025;;Aprobado;
184;Reales decretos;;Resolución de 22 de julio de 2025, del Congreso de los Diputados, por la que se ordena la publicación del Acuerdo de convalidación del Real Decreto-ley 8/2025, de 8 de julio, por el que se declaran diversas iniciativas y programas como acontecimientos de excepcional interés público.;;;24/07/2025;08/07/2025;;Aprobado;
185;Leyes;;Ley 5/2025, de 24 de julio, por la que se modifican el texto refundido de la Ley sobre responsabilidad civil y seguro en la circulación de vehículos a motor, aprobado por el Real Decreto Legislativo 8/2004, de 29 de octubre, y la Ley 20/2015, de 14 de julio, de ordenación, supervisión y solvencia de las entidades aseguradoras y reaseguradoras.;;;25/07/2025;24/07/2025;;Aprobado;
186;Leyes;;Ley 4/2025, de 24 de julio, por la que se modifica la Ley 28/1990, de 26 de diciembre, por la que se aprueba el Convenio Económico entre el Estado y la Comunidad Foral de Navarra.;;;25/07/2025;24/07/2025;;Aprobado;
187;Leyes;;Ley 7/2025, de 28 de julio, por la que se crea la Agencia Estatal de Salud Pública y se modifica la Ley 33/2011, de 4 de octubre, General de Salud Pública.;;;29/07/2025;28/07/2025;;Aprobado;
188;Leyes;;Ley 6/2025, de 28 de julio, de modificación de la Ley 19/1994, de 6 de julio, de modificación del Régimen Económico y Fiscal de Canarias, para la regulación de las inversiones en elementos patrimoniales afectos a la actividad de arrendamiento de vivienda en las Islas Canarias.;;;29/07/2025;28/07/2025;;Aprobado;
189;Reales decretos;;Resolución de 9 de septiembre de 2025, del Congreso de los Diputados, por la que se ordena la publicación del Acuerdo de convalidación del Real Decreto-ley 9/2025, de 29 de julio, por el que se amplía el permiso de nacimiento y cuidado, mediante la modificación del texto refundido de la Ley del Estatuto de los Trabajadores, aprobado por el Real Decreto Legislativo 2/2015, de 23 de octubre, el texto refundido de la Ley del Estatuto Básico del Empleado Público, aprobado por el Real Decreto Legislativo 5/2015, de 30 de octubre, y el texto refundido de la Ley General de la Seguridad Social, aprobado por el Real Decreto Legislativo 8/2015, de 30 de octubre, para completar la transposición de la Directiva (UE) 2019/1158 del Parlamento Europeo y del Consejo, de 20 de junio de 2019, relativa a la conciliación de la vida familiar y la vida profesional de los progenitores y los cuidadores, y por la que se deroga la Directiva 2010/18/UE del Consejo.;;;11/09/2025;29/07/2025;;Aprobado;
190;Reales decretos;;Real Decreto-ley 9/2025, de 29 de julio, por el que se amplía el permiso de nacimiento y cuidado, mediante la modificación del texto refundido de la Ley del Estatuto de los Trabajadores, aprobado por el Real Decreto Legislativo 2/2015, de 23 de octubre, el texto refundido de la Ley del Estatuto Básico del Empleado Público, aprobado por el Real Decreto Legislativo 5/2015, de 30 de octubre, y el texto refundido de la Ley General de la Seguridad Social, aprobado por el Real Decreto Legislativo 8/2015, de 30 de octubre, para completar la transposición de la Directiva (UE) 2019/1158 del Parlamento Europeo y del Consejo, de 20 de junio de 2019, relativa a la conciliación de la vida familiar y la vida profesional de los progenitores y los cuidadores, y por la que se deroga la Directiva 2010/18/UE del Consejo.;;;30/07/2025;29/07/2025;;Aprobado;
191;Reales decretos;;Resolución de 8 de octubre de 2025, del Congreso de los Diputados, por la que se ordena la publicación del Acuerdo de convalidación del Real Decreto-ley 10/2025, de 23 de septiembre, por el que se adoptan medidas urgentes contra el genocidio en Gaza y de apoyo a la población palestina.;;;15/10/2025;23/09/2025;;Aprobado;
192;Reales decretos;;Real Decreto-ley 10/2025, de 23 de septiembre, por el que se adoptan medidas urgentes contra el genocidio en Gaza y de apoyo a la población palestina.;;;24/09/2025;23/09/2025;;Aprobado;
193;Leyes;;Ley 8/2025, de 29 de septiembre, por la que se modifican la Ley 48/1960, de 21 de julio, sobre Navegación Aérea, y la Ley 21/2003, de 7 de julio, de Seguridad Aérea.;;;30/09/2025;29/09/2025;;Aprobado;
194;Reales decretos;;Resolución de 19 de noviembre de 2025, del Congreso de los Diputados, por la que se ordena la publicación del Acuerdo de convalidación del Real Decreto-ley 11/2025, de 21 de octubre, por el que se establecen medidas para el fortalecimiento del Sistema para la Autonomía y Atención a la Dependencia y cumplir con las obligaciones establecidas en la Ley 3/2024, de 30 de octubre, para mejorar la calidad de vida de las personas con Esclerosis Lateral Amiotrófica y otras enfermedades o procesos de alta complejidad y curso irreversible.;;;22/11/2025;21/10/2025;;Aprobado;
195;Reales decretos;;Real Decreto-ley 11/2025, de 21 de octubre, por el que se establecen medidas para el fortalecimiento del Sistema para la Autonomía y Atención a la Dependencia y cumplir con las obligaciones establecidas en la Ley 3/2024, de 30 de octubre, para mejorar la calidad de vida de las personas con Esclerosis Lateral Amiotrófica y otras enfermedades o procesos de alta complejidad y curso irreversible.;;;22/10/2025;21/10/2025;;Aprobado;
196;Reales decretos;;Real Decreto-ley 12/2025, de 28 de octubre, por el que se adoptan medidas urgentes de reactivación, refuerzo y prevención en el marco del Plan de respuesta inmediata, reconstrucción y relanzamiento frente a los daños causados por la Depresión Aislada en Niveles Altos (DANA) en diferentes municipios entre el 28 de octubre y el 4 de noviembre de 2024.;;;29/10/2025;28/10/2025;;Aprobado;
197;Reales decretos;;Real Decreto-ley 13/2025, de 25 de noviembre, por el que se adoptan medidas complementarias urgentes para la recuperación económica y social de la isla de La Palma tras los daños ocasionados por las erupciones volcánicas.;;;26/11/2025;25/11/2025;;;
198;Reales decretos;;Real Decreto-ley 15/2025, de 2 de diciembre, por el que se adoptan medidas urgentes para favorecer la actividad inversora de las entidades locales y de las comunidades autónomas, y por el que se modifica el Real Decreto 1007/2023, de 5 de diciembre, por el que se aprueba el Reglamento que establece los requisitos que deben adoptar los sistemas y programas informáticos o electrónicos que soporten los pr;;;03/12/2025;02/12/2025;;;
199;Reales decretos;;Real Decreto-ley 14/2025, de 2 de diciembre, por el que se aprueban medidas urgentes en materia de retribuciones en el ámbito del sector público.;;;03/12/2025;02/12/2025;;;
200;Leyes;;Ley 9/2025, de 3 de diciembre, de Movilidad Sostenible.;;;04/12/2025;03/12/2025;;;
